Test Trajectory,Learner Trajectory
0_330_338_154_174_364_178_180_337_182_186_347_403_243_211_136_9,0_330_338_154_174_364_178_180_337_182_186_347_403_243_211_135_390_401_0_330_338_154_174_364_178_180_337_182_186_347_403_243_211_135_390_401_0_330_338_154_174_364_178_180_337_182_186_347_403_243_211
0_330_338_154_174_364_178_180_337_182_186_347_403_243_211_136_9,0_330_338_154_174_364_178_180_337_182_186_347_403_243_211_135_390_401_0_330_338_154_174_364_178_180_337_182_186_347_403_243_211_135_390_401_0_330_338_154_174_364_178_180_337_182_186_347_403_243_211
1_338_154_174_364_178_180_337_182_186_347_403_243_211_136_9,1_338_154_174_364_178_180_337_182_186_347_403_243_211_135_390_401_0_330_338_154_174_364_178_180_337_182_186_347_403_243_211_135_390_401_0_330_338_154_174_364_178_180_337_182_186_347_403_243_211_135
1_338_154_174_364_178_180_337_182_186_347_403_243_211_136_9,1_338_154_174_364_178_180_337_182_186_347_403_243_211_135_390_401_0_330_338_154_174_364_178_180_337_182_186_347_403_243_211_135_390_401_0_330_338_154_174_364_178_180_337_182_186_347_403_243_211_135
1_338_154_174_364_178_180_337_182_186_347_403_243_211_136_9,1_338_154_174_364_178_180_337_182_186_347_403_243_211_135_390_401_0_330_338_154_174_364_178_180_337_182_186_347_403_243_211_135_390_401_0_330_338_154_174_364_178_180_337_182_186_347_403_243_211_135
1_338_154_174_364_178_180_337_182_186_347_403_243_211_136_9,1_338_154_174_364_178_180_337_182_186_347_403_243_211_135_390_401_0_330_338_154_174_364_178_180_337_182_186_347_403_243_211_135_390_401_0_330_338_154_174_364_178_180_337_182_186_347_403_243_211_135
1_338_154_174_364_178_180_337_182_186_347_403_243_211_136_9,1_338_154_174_364_178_180_337_182_186_347_403_243_211_135_390_401_0_330_338_154_174_364_178_180_337_182_186_347_403_243_211_135_390_401_0_330_338_154_174_364_178_180_337_182_186_347_403_243_211_135
1_338_154_174_364_178_180_337_182_186_347_403_243_211_136_9,1_338_154_174_364_178_180_337_182_186_347_403_243_211_135_390_401_0_330_338_154_174_364_178_180_337_182_186_347_403_243_211_135_390_401_0_330_338_154_174_364_178_180_337_182_186_347_403_243_211_135
1_338_154_174_364_178_180_337_182_186_347_403_243_211_136_9,1_338_154_174_364_178_180_337_182_186_347_403_243_211_135_390_401_0_330_338_154_174_364_178_180_337_182_186_347_403_243_211_135_390_401_0_330_338_154_174_364_178_180_337_182_186_347_403_243_211_135
1_338_154_174_364_178_180_337_182_186_347_403_243_211_136_9,1_338_154_174_364_178_180_337_182_186_347_403_243_211_135_390_401_0_330_338_154_174_364_178_180_337_182_186_347_403_243_211_135_390_401_0_330_338_154_174_364_178_180_337_182_186_347_403_243_211_135
1_338_154_174_364_178_180_337_182_186_347_403_243_211_136_9,1_338_154_174_364_178_180_337_182_186_347_403_243_211_135_390_401_0_330_338_154_174_364_178_180_337_182_186_347_403_243_211_135_390_401_0_330_338_154_174_364_178_180_337_182_186_347_403_243_211_135
1_338_154_174_364_178_180_337_182_186_347_403_243_211_136_9,1_338_154_174_364_178_180_337_182_186_347_403_243_211_135_390_401_0_330_338_154_174_364_178_180_337_182_186_347_403_243_211_135_390_401_0_330_338_154_174_364_178_180_337_182_186_347_403_243_211_135
1_338_154_174_364_178_180_337_182_186_347_403_243_211_136_9,1_338_154_174_364_178_180_337_182_186_347_403_243_211_135_390_401_0_330_338_154_174_364_178_180_337_182_186_347_403_243_211_135_390_401_0_330_338_154_174_364_178_180_337_182_186_347_403_243_211_135
1_338_154_174_364_178_180_337_182_186_347_403_243_211_136_9,1_338_154_174_364_178_180_337_182_186_347_403_243_211_135_390_401_0_330_338_154_174_364_178_180_337_182_186_347_403_243_211_135_390_401_0_330_338_154_174_364_178_180_337_182_186_347_403_243_211_135
1_338_154_174_364_178_180_337_182_186_347_403_243_211_136_9,1_338_154_174_364_178_180_337_182_186_347_403_243_211_135_390_401_0_330_338_154_174_364_178_180_337_182_186_347_403_243_211_135_390_401_0_330_338_154_174_364_178_180_337_182_186_347_403_243_211_135
1_338_154_174_364_178_180_337_182_186_347_403_243_211_136_9,1_338_154_174_364_178_180_337_182_186_347_403_243_211_135_390_401_0_330_338_154_174_364_178_180_337_182_186_347_403_243_211_135_390_401_0_330_338_154_174_364_178_180_337_182_186_347_403_243_211_135
1_338_154_174_364_178_180_337_182_186_347_403_243_211_136_9,1_338_154_174_364_178_180_337_182_186_347_403_243_211_135_390_401_0_330_338_154_174_364_178_180_337_182_186_347_403_243_211_135_390_401_0_330_338_154_174_364_178_180_337_182_186_347_403_243_211_135
1_338_154_174_364_178_180_337_182_186_347_403_243_211_136_9,1_338_154_174_364_178_180_337_182_186_347_403_243_211_135_390_401_0_330_338_154_174_364_178_180_337_182_186_347_403_243_211_135_390_401_0_330_338_154_174_364_178_180_337_182_186_347_403_243_211_135
1_338_154_174_364_178_180_337_182_186_347_403_243_211_136_9,1_338_154_174_364_178_180_337_182_186_347_403_243_211_135_390_401_0_330_338_154_174_364_178_180_337_182_186_347_403_243_211_135_390_401_0_330_338_154_174_364_178_180_337_182_186_347_403_243_211_135
1_338_154_174_364_178_180_337_182_186_347_403_243_211_136_9,1_338_154_174_364_178_180_337_182_186_347_403_243_211_135_390_401_0_330_338_154_174_364_178_180_337_182_186_347_403_243_211_135_390_401_0_330_338_154_174_364_178_180_337_182_186_347_403_243_211_135
1_338_154_174_364_178_180_337_182_186_347_403_243_211_136_9,1_338_154_174_364_178_180_337_182_186_347_403_243_211_135_390_401_0_330_338_154_174_364_178_180_337_182_186_347_403_243_211_135_390_401_0_330_338_154_174_364_178_180_337_182_186_347_403_243_211_135
1_338_154_174_364_178_180_337_182_186_347_403_243_211_136_9,1_338_154_174_364_178_180_337_182_186_347_403_243_211_135_390_401_0_330_338_154_174_364_178_180_337_182_186_347_403_243_211_135_390_401_0_330_338_154_174_364_178_180_337_182_186_347_403_243_211_135
1_338_154_174_364_178_180_337_182_186_347_403_243_211_136_9,1_338_154_174_364_178_180_337_182_186_347_403_243_211_135_390_401_0_330_338_154_174_364_178_180_337_182_186_347_403_243_211_135_390_401_0_330_338_154_174_364_178_180_337_182_186_347_403_243_211_135
1_338_154_174_364_178_180_337_182_186_347_403_243_211_136_9,1_338_154_174_364_178_180_337_182_186_347_403_243_211_135_390_401_0_330_338_154_174_364_178_180_337_182_186_347_403_243_211_135_390_401_0_330_338_154_174_364_178_180_337_182_186_347_403_243_211_135
1_338_154_174_364_178_180_337_182_186_347_403_243_211_136_9,1_338_154_174_364_178_180_337_182_186_347_403_243_211_135_390_401_0_330_338_154_174_364_178_180_337_182_186_347_403_243_211_135_390_401_0_330_338_154_174_364_178_180_337_182_186_347_403_243_211_135
1_338_154_174_364_178_180_337_182_186_347_403_243_211_136_9,1_338_154_174_364_178_180_337_182_186_347_403_243_211_135_390_401_0_330_338_154_174_364_178_180_337_182_186_347_403_243_211_135_390_401_0_330_338_154_174_364_178_180_337_182_186_347_403_243_211_135
1_338_154_174_364_178_180_337_182_186_347_403_243_211_136_9,1_338_154_174_364_178_180_337_182_186_347_403_243_211_135_390_401_0_330_338_154_174_364_178_180_337_182_186_347_403_243_211_135_390_401_0_330_338_154_174_364_178_180_337_182_186_347_403_243_211_135
1_338_154_174_364_178_180_337_182_186_347_403_243_211_136_9,1_338_154_174_364_178_180_337_182_186_347_403_243_211_135_390_401_0_330_338_154_174_364_178_180_337_182_186_347_403_243_211_135_390_401_0_330_338_154_174_364_178_180_337_182_186_347_403_243_211_135
1_338_154_174_364_178_180_337_182_186_347_403_243_211_136_9,1_338_154_174_364_178_180_337_182_186_347_403_243_211_135_390_401_0_330_338_154_174_364_178_180_337_182_186_347_403_243_211_135_390_401_0_330_338_154_174_364_178_180_337_182_186_347_403_243_211_135
1_338_154_174_364_178_180_337_182_186_347_403_243_211_136_9,1_338_154_174_364_178_180_337_182_186_347_403_243_211_135_390_401_0_330_338_154_174_364_178_180_337_182_186_347_403_243_211_135_390_401_0_330_338_154_174_364_178_180_337_182_186_347_403_243_211_135
1_338_154_174_364_178_180_337_182_186_347_403_243_211_136_9,1_338_154_174_364_178_180_337_182_186_347_403_243_211_135_390_401_0_330_338_154_174_364_178_180_337_182_186_347_403_243_211_135_390_401_0_330_338_154_174_364_178_180_337_182_186_347_403_243_211_135
1_338_154_174_364_178_180_337_182_186_347_403_243_211_136_9,1_338_154_174_364_178_180_337_182_186_347_403_243_211_135_390_401_0_330_338_154_174_364_178_180_337_182_186_347_403_243_211_135_390_401_0_330_338_154_174_364_178_180_337_182_186_347_403_243_211_135
1_338_154_174_364_178_180_337_182_186_347_403_243_211_136_9,1_338_154_174_364_178_180_337_182_186_347_403_243_211_135_390_401_0_330_338_154_174_364_178_180_337_182_186_347_403_243_211_135_390_401_0_330_338_154_174_364_178_180_337_182_186_347_403_243_211_135
1_338_154_174_364_178_180_337_182_186_347_403_243_211_136_9,1_338_154_174_364_178_180_337_182_186_347_403_243_211_135_390_401_0_330_338_154_174_364_178_180_337_182_186_347_403_243_211_135_390_401_0_330_338_154_174_364_178_180_337_182_186_347_403_243_211_135
1_338_154_174_364_178_180_337_182_186_347_403_243_211_136_9,1_338_154_174_364_178_180_337_182_186_347_403_243_211_135_390_401_0_330_338_154_174_364_178_180_337_182_186_347_403_243_211_135_390_401_0_330_338_154_174_364_178_180_337_182_186_347_403_243_211_135
1_338_154_174_364_178_180_337_182_186_347_403_243_211_136_9,1_338_154_174_364_178_180_337_182_186_347_403_243_211_135_390_401_0_330_338_154_174_364_178_180_337_182_186_347_403_243_211_135_390_401_0_330_338_154_174_364_178_180_337_182_186_347_403_243_211_135
1_338_154_174_364_178_180_337_182_186_347_403_243_211_136_9,1_338_154_174_364_178_180_337_182_186_347_403_243_211_135_390_401_0_330_338_154_174_364_178_180_337_182_186_347_403_243_211_135_390_401_0_330_338_154_174_364_178_180_337_182_186_347_403_243_211_135
1_338_154_174_364_178_180_337_182_186_347_403_243_211_136_9,1_338_154_174_364_178_180_337_182_186_347_403_243_211_135_390_401_0_330_338_154_174_364_178_180_337_182_186_347_403_243_211_135_390_401_0_330_338_154_174_364_178_180_337_182_186_347_403_243_211_135
1_338_154_174_364_178_180_337_182_186_347_403_243_211_136_9,1_338_154_174_364_178_180_337_182_186_347_403_243_211_135_390_401_0_330_338_154_174_364_178_180_337_182_186_347_403_243_211_135_390_401_0_330_338_154_174_364_178_180_337_182_186_347_403_243_211_135
1_338_154_174_364_178_180_337_182_186_347_403_243_211_136_9,1_338_154_174_364_178_180_337_182_186_347_403_243_211_135_390_401_0_330_338_154_174_364_178_180_337_182_186_347_403_243_211_135_390_401_0_330_338_154_174_364_178_180_337_182_186_347_403_243_211_135
1_338_154_174_364_178_180_337_182_186_347_403_243_211_136_9,1_338_154_174_364_178_180_337_182_186_347_403_243_211_135_390_401_0_330_338_154_174_364_178_180_337_182_186_347_403_243_211_135_390_401_0_330_338_154_174_364_178_180_337_182_186_347_403_243_211_135
1_338_154_174_364_178_180_337_182_186_347_403_243_211_136_9,1_338_154_174_364_178_180_337_182_186_347_403_243_211_135_390_401_0_330_338_154_174_364_178_180_337_182_186_347_403_243_211_135_390_401_0_330_338_154_174_364_178_180_337_182_186_347_403_243_211_135
1_338_154_174_364_178_180_337_182_186_347_403_243_211_136_9,1_338_154_174_364_178_180_337_182_186_347_403_243_211_135_390_401_0_330_338_154_174_364_178_180_337_182_186_347_403_243_211_135_390_401_0_330_338_154_174_364_178_180_337_182_186_347_403_243_211_135
1_338_154_174_364_178_180_337_182_186_347_403_243_211_136_9,1_338_154_174_364_178_180_337_182_186_347_403_243_211_135_390_401_0_330_338_154_174_364_178_180_337_182_186_347_403_243_211_135_390_401_0_330_338_154_174_364_178_180_337_182_186_347_403_243_211_135
1_338_154_174_364_178_180_337_182_186_347_403_243_211_136_9,1_338_154_174_364_178_180_337_182_186_347_403_243_211_135_390_401_0_330_338_154_174_364_178_180_337_182_186_347_403_243_211_135_390_401_0_330_338_154_174_364_178_180_337_182_186_347_403_243_211_135
1_338_154_174_364_178_180_337_182_186_347_403_243_211_136_9,1_338_154_174_364_178_180_337_182_186_347_403_243_211_135_390_401_0_330_338_154_174_364_178_180_337_182_186_347_403_243_211_135_390_401_0_330_338_154_174_364_178_180_337_182_186_347_403_243_211_135
1_338_154_174_364_178_180_337_182_186_347_403_243_211_136_9,1_338_154_174_364_178_180_337_182_186_347_403_243_211_135_390_401_0_330_338_154_174_364_178_180_337_182_186_347_403_243_211_135_390_401_0_330_338_154_174_364_178_180_337_182_186_347_403_243_211_135
1_338_154_174_364_178_180_337_182_186_347_403_243_211_136_9,1_338_154_174_364_178_180_337_182_186_347_403_243_211_135_390_401_0_330_338_154_174_364_178_180_337_182_186_347_403_243_211_135_390_401_0_330_338_154_174_364_178_180_337_182_186_347_403_243_211_135
1_338_154_174_364_178_180_337_182_186_347_403_243_211_136_9,1_338_154_174_364_178_180_337_182_186_347_403_243_211_135_390_401_0_330_338_154_174_364_178_180_337_182_186_347_403_243_211_135_390_401_0_330_338_154_174_364_178_180_337_182_186_347_403_243_211_135
1_338_154_174_364_178_180_337_182_186_347_403_243_211_136_9,1_338_154_174_364_178_180_337_182_186_347_403_243_211_135_390_401_0_330_338_154_174_364_178_180_337_182_186_347_403_243_211_135_390_401_0_330_338_154_174_364_178_180_337_182_186_347_403_243_211_135
1_338_154_174_364_178_180_337_182_186_347_403_243_211_136_9,1_338_154_174_364_178_180_337_182_186_347_403_243_211_135_390_401_0_330_338_154_174_364_178_180_337_182_186_347_403_243_211_135_390_401_0_330_338_154_174_364_178_180_337_182_186_347_403_243_211_135
1_338_154_174_364_178_180_337_182_186_347_403_243_211_136_9,1_338_154_174_364_178_180_337_182_186_347_403_243_211_135_390_401_0_330_338_154_174_364_178_180_337_182_186_347_403_243_211_135_390_401_0_330_338_154_174_364_178_180_337_182_186_347_403_243_211_135
1_338_154_174_364_178_180_337_182_186_347_403_243_211_136_9,1_338_154_174_364_178_180_337_182_186_347_403_243_211_135_390_401_0_330_338_154_174_364_178_180_337_182_186_347_403_243_211_135_390_401_0_330_338_154_174_364_178_180_337_182_186_347_403_243_211_135
124_11_125_127_61_325_29_328_240_244_152_250_243_211_136_9,124_11_125_127_61_325_29_328_241_129_132_0_330_338_154_174_364_178_180_337_182_186_347_403_243_211_135_390_401_0_330_338_154_174_364_178_180_337_182_186_347_403_243_211_135_390_401_0_330_338_154
140_194_174_364_178_180_337_182_186_347_403_243_211_136_9,140_194_174_364_178_180_337_182_186_347_403_243_211_135_390_401_0_330_338_154_174_364_178_180_337_182_186_347_403_243_211_135_390_401_0_330_338_154_174_364_178_180_337_182_186_347_403_243_211_135_390
149_349_290_364_178_180_337_182_186_347_403_243_211_136_9,149_348_142_145_0_330_338_154_174_364_178_180_337_182_186_347_403_243_211_135_390_401_0_330_338_154_174_364_178_180_337_182_186_347_403_243_211_135_390_401_0_330_338_154_174_364_178_180_337_182_186
149_349_290_364_178_180_337_182_186_347_403_243_211_136_9,149_348_142_145_0_330_338_154_174_364_178_180_337_182_186_347_403_243_211_135_390_401_0_330_338_154_174_364_178_180_337_182_186_347_403_243_211_135_390_401_0_330_338_154_174_364_178_180_337_182_186
149_349_290_364_178_180_337_182_186_347_403_243_211_136_9,149_348_142_145_0_330_338_154_174_364_178_180_337_182_186_347_403_243_211_135_390_401_0_330_338_154_174_364_178_180_337_182_186_347_403_243_211_135_390_401_0_330_338_154_174_364_178_180_337_182_186
231_230_408_419_76_271_388_311_31_267_56_35_152_250_243_211_136_9,231_230_408_419_76_271_388_311_31_267_56_35_152_250_243_211_135_390_401_0_330_338_154_174_364_178_180_337_182_186_347_403_243_211_135_390_401_0_330_338_154_174_364_178_180_337_182_186_347_403_243
231_230_408_419_76_271_388_311_31_267_56_35_152_250_243_211_136_9,231_230_408_419_76_271_388_311_31_267_56_35_152_250_243_211_135_390_401_0_330_338_154_174_364_178_180_337_182_186_347_403_243_211_135_390_401_0_330_338_154_174_364_178_180_337_182_186_347_403_243
231_230_408_419_76_271_388_311_31_267_56_35_152_250_243_211_136_9,231_230_408_419_76_271_388_311_31_267_56_35_152_250_243_211_135_390_401_0_330_338_154_174_364_178_180_337_182_186_347_403_243_211_135_390_401_0_330_338_154_174_364_178_180_337_182_186_347_403_243
231_230_408_419_76_271_388_311_31_267_56_35_152_250_243_211_136_9,231_230_408_419_76_271_388_311_31_267_56_35_152_250_243_211_135_390_401_0_330_338_154_174_364_178_180_337_182_186_347_403_243_211_135_390_401_0_330_338_154_174_364_178_180_337_182_186_347_403_243
231_230_408_419_76_271_388_311_31_267_56_35_152_250_243_211_136_9,231_230_408_419_76_271_388_311_31_267_56_35_152_250_243_211_135_390_401_0_330_338_154_174_364_178_180_337_182_186_347_403_243_211_135_390_401_0_330_338_154_174_364_178_180_337_182_186_347_403_243
231_230_408_419_76_271_388_311_31_267_56_35_152_250_243_211_136_9,231_230_408_419_76_271_388_311_31_267_56_35_152_250_243_211_135_390_401_0_330_338_154_174_364_178_180_337_182_186_347_403_243_211_135_390_401_0_330_338_154_174_364_178_180_337_182_186_347_403_243
253_261_294_296_203_190_397_351_337_182_186_347_403_243_211_136_9,253_261_294_296_203_190_397_350_237_305_348_142_145_0_330_338_154_174_364_178_180_337_182_186_347_403_243_211_135_390_401_0_330_338_154_174_364_178_180_337_182_186_347_403_243_211_135_390_401_0_330
293_294_296_203_190_397_350_237_305_348_142_144_146_148_149_349_290_364_178_180_337_182_186_347_403_243_211_136_9,293_294_296_203_190_397_350_237_305_348_142_145_0_330_338_154_174_364_178_180_337_182_186_347_403_243_211_135_390_401_0_330_338_154_174_364_178_180_337_182_186_347_403_243_211_135_390_401_0_330_338
294_296_203_190_397_351_337_182_186_347_403_243_211_136_9,294_296_203_190_397_350_237_305_348_142_145_0_330_338_154_174_364_178_180_337_182_186_347_403_243_211_135_390_401_0_330_338_154_174_364_178_180_337_182_186_347_403_243_211_135_390_401_0_330_338_154
294_296_203_190_397_351_337_182_186_347_403_243_211_136_9,294_296_203_190_397_350_237_305_348_142_145_0_330_338_154_174_364_178_180_337_182_186_347_403_243_211_135_390_401_0_330_338_154_174_364_178_180_337_182_186_347_403_243_211_135_390_401_0_330_338_154
330_338_154_174_364_178_180_337_182_186_347_403_243_211_136_9,330_338_154_174_364_178_180_337_182_186_347_403_243_211_135_390_401_0_330_338_154_174_364_178_180_337_182_186_347_403_243_211_135_390_401_0_330_338_154_174_364_178_180_337_182_186_347_403_243_211_135
330_338_154_174_364_178_180_337_182_186_347_403_243_211_136_9,330_338_154_174_364_178_180_337_182_186_347_403_243_211_135_390_401_0_330_338_154_174_364_178_180_337_182_186_347_403_243_211_135_390_401_0_330_338_154_174_364_178_180_337_182_186_347_403_243_211_135
330_338_154_174_364_178_180_337_182_186_347_403_243_211_136_9,330_338_154_174_364_178_180_337_182_186_347_403_243_211_135_390_401_0_330_338_154_174_364_178_180_337_182_186_347_403_243_211_135_390_401_0_330_338_154_174_364_178_180_337_182_186_347_403_243_211_135
353_1_338_154_174_364_178_180_337_182_186_347_403_243_211_136_9,353_1_338_154_174_364_178_180_337_182_186_347_403_243_211_135_390_401_0_330_338_154_174_364_178_180_337_182_186_347_403_243_211_135_390_401_0_330_338_154_174_364_178_180_337_182_186_347_403_243_211
353_1_338_154_174_364_178_180_337_182_186_347_403_243_211_136_9,353_1_338_154_174_364_178_180_337_182_186_347_403_243_211_135_390_401_0_330_338_154_174_364_178_180_337_182_186_347_403_243_211_135_390_401_0_330_338_154_174_364_178_180_337_182_186_347_403_243_211
231_230_408_419_76_271_388_311_31_268_357_323_319_314_49_313_300_27_65_326_60_128_126_12,231_230_408_419_76_271_388_311_31_266_379_0_330_338_154_174_365_404_194_174_365_404_194_174_365_404_194_174_365_404_194_174_365_404_194_174_365_404_194_174_365_404_194_174_365_404_194_174_365_404_194
0_330_338_154_174_364_178_180_337_182_186_347_403_243_212_25_252_245_37_54_358_340_32_309_311_31,0_330_338_154_174_364_178_180_337_182_186_347_403_243_212_25_252_245_37_54_358_340_32_309_311_31
1_338_154_174_364_178_180_337_182_186_347_403_243_212_25_252_245_37_54_358_340_32_309_311_31,1_338_154_174_364_178_180_337_182_186_347_403_243_212_25_252_245_37_54_358_340_32_309_311_31
1_338_154_174_364_178_180_337_182_186_347_403_243_212_25_252_245_37_54_358_340_32_309_311_31,1_338_154_174_364_178_180_337_182_186_347_403_243_212_25_252_245_37_54_358_340_32_309_311_31
124_11_125_127_61_325_28_367_286_312_48_316_317_324_340_32_309_311_31,124_11_125_127_61_325_28_367_286_312_48_316_317_324_340_32_309_311_31
124_11_125_127_61_325_28_367_286_312_48_316_317_324_340_32_309_311_31,124_11_125_127_61_325_28_367_286_312_48_316_317_324_340_32_309_311_31
1_338_154_174_364_178_180_337_182_186_347_403_243_212_25_252_245_37_54_357_323_318_38_40,1_338_154_174_364_178_180_337_181_184_0_330_338_154_174_364_178_180_337_181_184_0_330_338_154_174_364_178_180_337_181_184_0_330_338_154_174_364_178_180_337_181_184_0_330_338_154_174_364_178_180
1_338_154_174_364_178_180_337_182_186_347_403_243_212_25_252_245_36_373_285_366_301_40,1_338_154_174_364_178_180_337_181_184_0_330_338_154_174_364_178_180_337_181_184_0_330_338_154_174_364_178_180_337_181_184_0_330_338_154_174_364_178_180_337_181_184_0_330_338_154_174_364_178_180
1_338_154_174_364_178_180_337_182_186_347_403_243_212_25_252_245_37_54_357_323_318_38_40,1_338_154_174_364_178_180_337_181_184_0_330_338_154_174_364_178_180_337_181_184_0_330_338_154_174_364_178_180_337_181_184_0_330_338_154_174_364_178_180_337_181_184_0_330_338_154_174_364_178_180
35_152_250_243_212_25_252_245_37_54_357_323_318_38_40,35_152_250_243_212_25_252_245_37_54_358_340_32_309_311_31_266_379_0_330_338_154_174_364_178_180_337_181_184_0_330_338_154_174_364_178_180_337_181_184_0_330_338_154_174_364_178_180_337_181_184
192_347_403_243_212_25_252_245_37_54_357_323_318_38_40,192_347_403_243_212_25_252_245_37_54_358_340_32_309_311_31_266_379_0_330_338_154_174_364_178_180_337_181_184_0_330_338_154_174_364_178_180_337_181_184_0_330_338_154_174_364_178_180_337_181_184
231_230_408_419_76_271_388_311_31_267_56_35_152_250_242_356_362_193_185_177_404_194_174_364_178_180_337_182_186_347_403_243_212_25_252_245_37_54_357_323_318_38_40,231_230_408_419_76_271_388_311_31_266_379_0_330_338_154_174_364_178_180_337_181_184_0_330_338_154_174_364_178_180_337_181_184_0_330_338_154_174_364_178_180_337_181_184_0_330_338_154_174_364_178
231_230_408_419_76_271_388_311_31_268_357_323_318_38_40,231_230_408_419_76_271_388_311_31_266_379_0_330_338_154_174_364_178_180_337_181_184_0_330_338_154_174_364_178_180_337_181_184_0_330_338_154_174_364_178_180_337_181_184_0_330_338_154_174_364_178
231_230_408_419_76_271_388_311_31_268_357_323_318_38_40,231_230_408_419_76_271_388_311_31_266_379_0_330_338_154_174_364_178_180_337_181_184_0_330_338_154_174_364_178_180_337_181_184_0_330_338_154_174_364_178_180_337_181_184_0_330_338_154_174_364_178
294_296_203_190_397_351_337_182_186_347_403_243_212_25_252_245_37_54_357_323_318_38_40,294_296_203_190_397_350_237_306_291_178_180_337_181_184_0_330_338_154_174_364_178_180_337_181_184_0_330_338_154_174_364_178_180_337_181_184_0_330_338_154_174_364_178_180_337_181_184_0_330_338_154
330_338_154_174_364_178_180_337_182_186_347_403_243_212_25_252_245_37_54_357_323_318_38_40,330_338_154_174_364_178_180_337_181_184_0_330_338_154_174_364_178_180_337_181_184_0_330_338_154_174_364_178_180_337_181_184_0_330_338_154_174_364_178_180_337_181_184_0_330_338_154_174_364_178_180
180_337_182_186_347_403_243_212_25_252_245_36_373_284_286_312_50,180_337_182_186_347_403_243_212_25_252_245_37_54_357_322_324_340_32_309_311_31_266_379_0_330_338_154_174_364_178_180_337_182_186_347_403_243_212_25_252_245_37_54_357_322_324_340_32_309_311_31
41_43_45_46_321_26_28_367_286_312_50_51_53_55_57,41_43_45_46_321_26_29_328_240_245_37_53_55_57
1_338_154_174_364_178_180_337_182_186_347_403_243_212_25_252_245_37_54_357_322_324_341_342_71_345_282_77,1_338_154_174_364_178_180_337_182_186_347_403_243_212_25_252_245_37_54_358_341_342_71_345_282_77
1_338_154_174_364_178_180_337_182_186_347_403_243_212_25_252_245_37_54_358_341_342_71_345_282_77,1_338_154_174_364_178_180_337_182_186_347_403_243_212_25_252_245_37_54_358_341_342_71_345_282_77
124_11_125_127_61_325_28_367_286_312_48_316_317_324_341_342_71_345_282_77,124_11_125_127_61_325_28_367_286_312_48_316_317_324_341_342_71_345_282_77
154_174_364_178_180_337_182_186_347_403_243_212_25_252_245_37_54_358_341_342_71_345_282_77,154_174_364_178_180_337_182_186_347_403_243_212_25_252_245_37_54_358_341_342_71_345_282_77
171_243_212_25_252_245_37_54_358_341_342_71_345_282_77,171_243_212_25_252_245_37_54_358_341_342_71_345_282_77
171_243_212_25_252_245_37_54_358_341_342_71_345_282_77,171_243_212_25_252_245_37_54_358_341_342_71_345_282_77
171_243_212_25_252_245_37_54_358_341_342_71_345_282_77,171_243_212_25_252_245_37_54_358_341_342_71_345_282_77
171_243_212_25_252_245_37_54_358_341_342_71_345_282_77,171_243_212_25_252_245_37_54_358_341_342_71_345_282_77
175_178_180_337_182_186_347_403_243_212_25_252_245_37_54_358_341_342_71_345_282_77,175_178_180_337_182_186_347_403_243_212_25_252_245_37_54_358_341_342_71_345_282_77
231_230_408_419_76_271_388_311_31_267_56_35_152_250_243_212_25_252_245_37_54_358_341_342_71_345_282_77,231_230_408_419_76_271_388_311_31_268_358_341_342_71_345_282_77
336_265_334_95_275_215_217_219_221_381_106_99_226_228_333_308_332_408_419_75_77,336_265_333_308_332_408_419_76_271_388_311_31_268_358_341_342_71_345_282_77
1_338_154_174_364_178_180_337_182_186_347_403_243_212_25_252_245_37_54_358_341_342_71_345_282_78,1_338_154_174_364_178_180_337_182_186_347_403_243_212_25_252_245_37_54_358_341_342_71_345_282_78
140_194_174_364_178_180_337_182_186_347_403_243_212_25_252_245_37_54_358_341_342_71_345_282_78,140_194_174_364_178_180_337_182_186_347_403_243_212_25_252_245_37_54_358_341_342_71_345_282_78
171_243_212_25_252_245_37_54_358_341_342_71_345_282_78,171_243_212_25_252_245_37_54_358_341_342_71_345_282_78
171_243_212_25_252_245_37_54_358_341_342_71_345_282_78,171_243_212_25_252_245_37_54_358_341_342_71_345_282_78
171_243_212_25_252_245_37_54_358_341_342_71_345_282_78,171_243_212_25_252_245_37_54_358_341_342_71_345_282_78
307_238_392_393_396_204_206_203_190_397_351_337_182_186_347_403_243_212_25_252_245_37_54_358_341_342_71_345_282_78,307_238_391_350_237_306_291_178_180_337_182_186_347_403_243_212_25_252_245_37_54_358_341_342_71_345_282_78
403_243_212_25_252_245_37_54_358_341_342_71_345_282_78,403_243_212_25_252_245_37_54_358_341_342_71_345_282_78
1_338_154_174_364_178_180_337_182_186_347_403_243_212_25_252_244_151_84,1_338_154_174_364_178_180_337_182_186_347_403_243_212_25_252_244_152_250_243_212_25_252_244_152_250_243_212_25_252_244_152_250_243_212_25_252_244_152_250_243_212_25_252_244_152_250_243_212_25_252
338_154_174_364_178_180_337_182_186_347_403_243_212_25_252_244_151_84,338_154_174_364_178_180_337_182_186_347_403_243_212_25_252_244_152_250_243_212_25_252_244_152_250_243_212_25_252_244_152_250_243_212_25_252_244_152_250_243_212_25_252_244_152_250_243_212_25_252_244
427_391_351_337_182_186_347_403_243_212_25_252_244_151_84,427_391_350_237_305_348_142_145_0_330_338_154_174_364_178_180_337_182_186_347_403_243_212_25_252_244_152_250_243_212_25_252_244_152_250_243_212_25_252_244_152_250_243_212_25_252_244_152_250_243_212
154_174_364_178_180_337_182_186_347_403_243_212_25_252_244_151_85,154_174_364_178_180_337_182_186_347_403_243_212_25_252_244_151_85
23_25_252_245_37_54_358_340_32_310_387_339_272_223_103_226_228_334_95_275_216_90,23_25_252_245_37_54_358_340_32_310_387_339_273_386_262_265_334_95_275_216_90
124_11_125_127_61_325_28_367_286_312_48_316_317_324_340_32_310_387_339_273_386_262_265_334_95_275_216_90,124_11_125_127_61_325_28_367_286_312_48_316_317_324_340_32_310_387_339_273_386_262_265_334_95_275_216_90
124_11_125_127_61_325_28_367_286_312_48_316_317_324_340_32_310_387_339_273_386_262_265_334_95_275_216_90,124_11_125_127_61_325_28_367_286_312_48_316_317_324_340_32_310_387_339_273_386_262_265_334_95_275_216_90
124_11_125_127_61_325_28_367_286_312_48_316_317_324_340_32_310_387_339_273_386_262_265_334_95_275_216_90,124_11_125_127_61_325_28_367_286_312_48_316_317_324_340_32_310_387_339_273_386_262_265_334_95_275_216_90
124_11_125_127_61_325_28_367_286_312_48_316_317_324_340_32_310_387_339_273_386_262_265_334_95_275_216_90,124_11_125_127_61_325_28_367_286_312_48_316_317_324_340_32_310_387_339_273_386_262_265_334_95_275_216_90
124_11_125_127_61_325_28_367_286_312_48_316_317_324_340_32_310_387_339_273_386_262_265_334_95_275_216_90,124_11_125_127_61_325_28_367_286_312_48_316_317_324_340_32_310_387_339_273_386_262_265_334_95_275_216_90
124_11_125_127_61_325_28_367_286_312_48_316_317_324_340_32_310_387_339_273_386_262_265_334_95_275_216_90,124_11_125_127_61_325_28_367_286_312_48_316_317_324_340_32_310_387_339_273_386_262_265_334_95_275_216_90
124_11_125_127_61_325_28_367_286_312_48_316_317_324_340_32_310_387_339_273_386_263_336_265_334_95_275_216_90,124_11_125_127_61_325_28_367_286_312_48_316_317_324_340_32_310_387_339_273_386_262_265_334_95_275_216_90
124_11_125_127_61_325_28_367_286_312_48_316_317_324_340_32_310_387_339_272_223_103_226_228_334_95_275_216_90,124_11_125_127_61_325_28_367_286_312_48_316_317_324_340_32_310_387_339_273_386_262_265_334_95_275_216_90
124_11_125_127_61_325_28_367_286_312_48_316_317_324_340_32_310_387_339_273_386_262_265_334_95_275_216_90,124_11_125_127_61_325_28_367_286_312_48_316_317_324_340_32_310_387_339_273_386_262_265_334_95_275_216_90
124_11_125_127_61_325_28_367_286_312_48_316_317_324_340_32_310_387_339_273_386_262_265_334_95_275_216_90,124_11_125_127_61_325_28_367_286_312_48_316_317_324_340_32_310_387_339_273_386_262_265_334_95_275_216_90
124_11_125_127_61_325_28_367_286_312_48_316_317_324_340_32_310_387_339_273_386_262_265_334_95_275_216_90,124_11_125_127_61_325_28_367_286_312_48_316_317_324_340_32_310_387_339_273_386_262_265_334_95_275_216_90
125_127_61_325_28_367_286_312_48_316_317_324_340_32_310_387_339_273_386_262_265_334_95_275_216_90,125_127_61_325_28_367_286_312_48_316_317_324_340_32_310_387_339_273_386_262_265_334_95_275_216_90
316_317_324_340_32_310_387_339_273_386_262_265_334_95_275_216_90,316_317_324_340_32_310_387_339_273_386_262_265_334_95_275_216_90
316_317_324_340_32_310_387_339_273_386_262_265_334_95_275_216_90,316_317_324_340_32_310_387_339_273_386_262_265_334_95_275_216_90
317_324_340_32_310_387_339_272_223_103_226_228_334_95_275_216_90,317_324_340_32_310_387_339_273_386_262_265_334_95_275_216_90
317_324_340_32_310_387_339_272_223_103_226_228_334_95_275_216_90,317_324_340_32_310_387_339_273_386_262_265_334_95_275_216_90
317_324_340_32_310_387_339_273_386_262_265_334_95_275_216_90,317_324_340_32_310_387_339_273_386_262_265_334_95_275_216_90
324_340_32_310_387_339_273_386_262_265_334_95_275_216_90,324_340_32_310_387_339_273_386_262_265_334_95_275_216_90
324_340_32_310_387_339_273_386_262_265_334_95_275_216_90,324_340_32_310_387_339_273_386_262_265_334_95_275_216_90
347_403_243_212_25_252_245_37_54_358_341_342_71_344_270_273_386_262_265_334_95_275_216_90,347_403_243_212_25_252_245_37_54_358_340_32_310_387_339_273_386_262_265_334_95_275_216_90
124_11_125_127_61_325_28_367_286_312_48_316_317_324_340_32_310_387_339_272_223_103_226_228_334_95,124_11_125_127_61_325_28_367_286_312_48_316_317_324_340_32_310_387_339_273_386_262_265_334_95
1_338_154_174_364_178_180_337_182_186_347_403_243_211_135,1_338_154_174_364_178_180_337_182_186_347_403_243_211_135
231_230_408_419_76_271_388_311_31_267_56_35_152_250_243_211_135,231_230_408_419_76_271_388_311_31_267_56_35_152_250_243_211_135
231_230_408_419_76_271_388_311_31_267_56_35_152_250_243_211_135,231_230_408_419_76_271_388_311_31_267_56_35_152_250_243_211_135
231_230_408_419_76_271_388_311_31_267_56_35_152_250_243_211_135,231_230_408_419_76_271_388_311_31_267_56_35_152_250_243_211_135
231_230_408_419_76_271_388_311_31_267_56_35_152_250_243_211_135,231_230_408_419_76_271_388_311_31_267_56_35_152_250_243_211_135
231_230_408_419_76_271_388_311_31_267_56_35_152_250_243_211_135,231_230_408_419_76_271_388_311_31_267_56_35_152_250_243_211_135
231_230_408_419_76_271_388_311_31_267_56_35_152_250_243_211_135,231_230_408_419_76_271_388_311_31_267_56_35_152_250_243_211_135
231_230_408_419_76_271_388_311_31_267_56_35_152_250_243_211_135,231_230_408_419_76_271_388_311_31_267_56_35_152_250_243_211_135
231_230_408_419_76_271_388_311_31_267_56_35_152_250_243_211_135,231_230_408_419_76_271_388_311_31_267_56_35_152_250_243_211_135
231_230_408_419_76_271_388_311_31_267_56_35_152_250_243_211_135,231_230_408_419_76_271_388_311_31_267_56_35_152_250_243_211_135
231_230_408_419_76_271_388_311_31_267_56_35_152_250_243_211_135,231_230_408_419_76_271_388_311_31_267_56_35_152_250_243_211_135
1_338_154_174_364_178_180_337_182_186_347_403_243_211_136,1_338_154_174_364_178_180_337_182_186_347_403_243_211_135_390_401_0_330_338_154_174_364_178_180_337_182_186_347_403_243_211_135_390_401_0_330_338_154_174_364_178_180_337_182_186_347_403_243_211_135
1_338_154_174_364_178_180_337_182_186_347_403_243_211_136,1_338_154_174_364_178_180_337_182_186_347_403_243_211_135_390_401_0_330_338_154_174_364_178_180_337_182_186_347_403_243_211_135_390_401_0_330_338_154_174_364_178_180_337_182_186_347_403_243_211_135
1_338_154_174_364_178_180_337_182_186_347_403_243_211_136,1_338_154_174_364_178_180_337_182_186_347_403_243_211_135_390_401_0_330_338_154_174_364_178_180_337_182_186_347_403_243_211_135_390_401_0_330_338_154_174_364_178_180_337_182_186_347_403_243_211_135
1_338_154_174_364_178_180_337_182_186_347_403_243_211_136,1_338_154_174_364_178_180_337_182_186_347_403_243_211_135_390_401_0_330_338_154_174_364_178_180_337_182_186_347_403_243_211_135_390_401_0_330_338_154_174_364_178_180_337_182_186_347_403_243_211_135
1_338_154_174_364_178_180_337_182_186_347_403_243_211_136,1_338_154_174_364_178_180_337_182_186_347_403_243_211_135_390_401_0_330_338_154_174_364_178_180_337_182_186_347_403_243_211_135_390_401_0_330_338_154_174_364_178_180_337_182_186_347_403_243_211_135
390_400_405_172_356_362_193_185_177_404_194_174_364_178_180_337_182_186_347_403_243_211_136,390_401_0_330_338_154_174_364_178_180_337_182_186_347_403_243_211_135_390_401_0_330_338_154_174_364_178_180_337_182_186_347_403_243_211_135_390_401_0_330_338_154_174_364_178_180_337_182_186_347_403
1_338_154_174_364_178_180_337_182_186_347_403_242_356_362_193_185_177_404_195_141,1_338_154_174_364_178_180_337_181_184_0_330_338_154_174_364_178_180_337_181_184_0_330_338_154_174_364_178_180_337_181_184_0_330_338_154_174_364_178_180_337_181_184_0_330_338_154_174_364_178_180
1_338_154_174_364_178_180_337_181_183_185_177_404_195_141,1_338_154_174_364_178_180_337_181_184_0_330_338_154_174_364_178_180_337_181_184_0_330_338_154_174_364_178_180_337_181_184_0_330_338_154_174_364_178_180_337_181_184_0_330_338_154_174_364_178_180
1_338_154_174_364_178_180_337_181_183_185_177_404_195_141,1_338_154_174_364_178_180_337_181_184_0_330_338_154_174_364_178_180_337_181_184_0_330_338_154_174_364_178_180_337_181_184_0_330_338_154_174_364_178_180_337_181_184_0_330_338_154_174_364_178_180
1_338_154_174_364_178_180_337_181_183_185_177_404_195_141,1_338_154_174_364_178_180_337_181_184_0_330_338_154_174_364_178_180_337_181_184_0_330_338_154_174_364_178_180_337_181_184_0_330_338_154_174_364_178_180_337_181_184_0_330_338_154_174_364_178_180
1_338_154_174_364_178_180_337_181_183_185_177_404_195_141,1_338_154_174_364_178_180_337_181_184_0_330_338_154_174_364_178_180_337_181_184_0_330_338_154_174_364_178_180_337_181_184_0_330_338_154_174_364_178_180_337_181_184_0_330_338_154_174_364_178_180
31_267_56_35_152_250_242_356_362_193_185_177_404_195_141,31_267_56_35_152_250_242_356_362_193_185_177_404_195_141
31_267_56_35_152_250_242_356_362_193_185_177_404_195_141,31_267_56_35_152_250_242_356_362_193_185_177_404_195_141
31_267_56_35_152_250_242_356_362_193_185_177_404_195_141,31_267_56_35_152_250_242_356_362_193_185_177_404_195_141
31_267_56_35_152_250_242_356_362_193_185_177_404_195_141,31_267_56_35_152_250_242_356_362_193_185_177_404_195_141
46_321_26_29_328_240_244_152_250_242_356_362_193_185_177_404_195_141,46_321_26_29_328_239_329_62_3_5_7_0_330_338_154_174_364_178_180_337_181_184_0_330_338_154_174_364_178_180_337_181_184_0_330_338_154_174_364_178_180_337_181_184_0_330_338_154_174_364_178
64_46_321_26_29_328_240_244_152_250_242_356_362_193_185_177_404_195_141,64_46_321_26_29_328_239_329_62_3_5_7_0_330_338_154_174_364_178_180_337_181_184_0_330_338_154_174_364_178_180_337_181_184_0_330_338_154_174_364_178_180_337_181_184_0_330_338_154_174_364
131_24_133_135_390_400_405_172_356_362_193_185_177_404_195_141,131_24_134_0_330_338_154_174_364_178_180_337_181_184_0_330_338_154_174_364_178_180_337_181_184_0_330_338_154_174_364_178_180_337_181_184_0_330_338_154_174_364_178_180_337_181_184_0_330_338_154
231_230_408_419_76_271_388_311_31_267_56_35_152_250_242_356_362_193_185_177_404_195_141,231_230_408_419_76_271_388_311_31_267_56_35_152_250_242_356_362_193_185_177_404_195_141
231_230_408_419_76_271_388_311_31_267_56_35_152_250_242_356_362_193_185_177_404_195_141,231_230_408_419_76_271_388_311_31_267_56_35_152_250_242_356_362_193_185_177_404_195_141
231_230_408_419_76_271_388_311_31_267_56_35_152_250_242_356_362_193_185_177_404_195_141,231_230_408_419_76_271_388_311_31_267_56_35_152_250_242_356_362_193_185_177_404_195_141
231_230_408_419_76_271_388_311_31_267_56_35_152_250_242_356_362_193_185_177_404_195_141,231_230_408_419_76_271_388_311_31_267_56_35_152_250_242_356_362_193_185_177_404_195_141
231_230_408_419_76_271_388_311_31_267_56_35_152_250_242_356_362_193_185_177_404_195_141,231_230_408_419_76_271_388_311_31_267_56_35_152_250_242_356_362_193_185_177_404_195_141
231_230_408_419_76_271_388_311_31_267_56_35_152_250_242_356_362_193_185_177_404_195_141,231_230_408_419_76_271_388_311_31_267_56_35_152_250_242_356_362_193_185_177_404_195_141
231_230_408_419_76_271_388_311_31_267_56_35_152_250_242_356_362_193_185_177_404_195_141,231_230_408_419_76_271_388_311_31_267_56_35_152_250_242_356_362_193_185_177_404_195_141
231_230_408_419_76_271_388_311_31_267_56_35_152_250_242_356_362_193_185_177_404_195_141,231_230_408_419_76_271_388_311_31_267_56_35_152_250_242_356_362_193_185_177_404_195_141
231_230_408_419_76_271_388_311_31_267_56_35_152_250_242_356_362_193_185_177_404_195_141,231_230_408_419_76_271_388_311_31_267_56_35_152_250_242_356_362_193_185_177_404_195_141
231_230_408_419_76_271_388_311_31_267_56_35_152_250_242_356_362_193_185_177_404_195_141,231_230_408_419_76_271_388_311_31_267_56_35_152_250_242_356_362_193_185_177_404_195_141
231_230_408_419_76_271_388_311_31_267_56_35_152_250_242_356_362_193_185_177_404_195_141,231_230_408_419_76_271_388_311_31_267_56_35_152_250_242_356_362_193_185_177_404_195_141
231_230_408_419_76_271_388_311_31_267_56_35_152_250_242_356_362_193_185_177_404_195_141,231_230_408_419_76_271_388_311_31_267_56_35_152_250_242_356_362_193_185_177_404_195_141
231_230_408_419_76_271_388_311_31_267_56_35_152_250_242_356_362_193_185_177_404_195_141,231_230_408_419_76_271_388_311_31_267_56_35_152_250_242_356_362_193_185_177_404_195_141
231_230_408_419_76_271_388_311_31_267_56_35_152_250_242_356_362_193_185_177_404_195_141,231_230_408_419_76_271_388_311_31_267_56_35_152_250_242_356_362_193_185_177_404_195_141
231_230_408_419_76_271_388_311_31_267_56_35_152_250_242_356_362_193_185_177_404_195_141,231_230_408_419_76_271_388_311_31_267_56_35_152_250_242_356_362_193_185_177_404_195_141
231_230_408_419_76_271_388_311_31_267_56_35_152_250_242_356_362_193_185_177_404_195_141,231_230_408_419_76_271_388_311_31_267_56_35_152_250_242_356_362_193_185_177_404_195_141
231_230_408_419_76_271_388_311_31_267_56_35_152_250_242_356_362_193_185_177_404_195_141,231_230_408_419_76_271_388_311_31_267_56_35_152_250_242_356_362_193_185_177_404_195_141
231_230_408_419_76_271_388_311_31_267_56_35_152_250_242_356_362_193_185_177_404_195_141,231_230_408_419_76_271_388_311_31_267_56_35_152_250_242_356_362_193_185_177_404_195_141
231_230_408_419_76_271_388_311_31_267_56_35_152_250_242_356_362_193_185_177_404_195_141,231_230_408_419_76_271_388_311_31_267_56_35_152_250_242_356_362_193_185_177_404_195_141
231_230_408_419_76_271_388_311_31_267_56_35_152_250_242_356_362_193_185_177_404_195_141,231_230_408_419_76_271_388_311_31_267_56_35_152_250_242_356_362_193_185_177_404_195_141
231_230_408_419_76_271_388_311_31_267_56_35_152_250_242_356_362_193_185_177_404_195_141,231_230_408_419_76_271_388_311_31_267_56_35_152_250_242_356_362_193_185_177_404_195_141
231_230_408_419_76_271_388_311_31_267_56_35_152_250_242_356_362_193_185_177_404_195_141,231_230_408_419_76_271_388_311_31_267_56_35_152_250_242_356_362_193_185_177_404_195_141
231_230_408_419_76_271_388_311_31_267_56_35_152_250_242_356_362_193_185_177_404_195_141,231_230_408_419_76_271_388_311_31_267_56_35_152_250_242_356_362_193_185_177_404_195_141
231_230_408_419_76_271_388_311_31_267_56_35_152_250_242_356_362_193_185_177_404_195_141,231_230_408_419_76_271_388_311_31_267_56_35_152_250_242_356_362_193_185_177_404_195_141
231_230_408_419_76_271_388_311_31_267_56_35_152_250_242_356_362_193_185_177_404_195_141,231_230_408_419_76_271_388_311_31_267_56_35_152_250_242_356_362_193_185_177_404_195_141
231_230_408_419_76_271_388_311_31_267_56_35_152_250_242_356_362_193_185_177_404_195_141,231_230_408_419_76_271_388_311_31_267_56_35_152_250_242_356_362_193_185_177_404_195_141
231_230_408_419_76_271_388_311_31_267_56_35_152_250_242_356_362_193_185_177_404_195_141,231_230_408_419_76_271_388_311_31_267_56_35_152_250_242_356_362_193_185_177_404_195_141
231_230_408_419_76_271_388_311_31_267_56_35_152_250_242_356_362_193_185_177_404_195_141,231_230_408_419_76_271_388_311_31_267_56_35_152_250_242_356_362_193_185_177_404_195_141
231_230_408_419_76_271_388_311_31_267_56_35_152_250_242_356_362_193_185_177_404_195_141,231_230_408_419_76_271_388_311_31_267_56_35_152_250_242_356_362_193_185_177_404_195_141
233_344_271_388_311_31_267_56_35_152_250_242_356_362_193_185_177_404_195_141,233_344_271_388_311_31_267_56_35_152_250_242_356_362_193_185_177_404_195_141
253_261_294_296_203_190_397_351_337_181_183_185_177_404_195_141,253_261_294_296_203_190_397_350_237_305_348_142_145_0_330_338_154_174_364_178_180_337_181_184_0_330_338_154_174_364_178_180_337_181_184_0_330_338_154_174_364_178_180_337_181_184_0_330_338_154_174
253_261_294_296_203_190_397_350_237_305_349_290_365_404_195_141,253_261_294_296_203_190_397_350_237_305_348_142_145_0_330_338_154_174_364_178_180_337_181_184_0_330_338_154_174_364_178_180_337_181_184_0_330_338_154_174_364_178_180_337_181_184_0_330_338_154_174
261_294_296_203_190_397_350_237_305_349_290_365_404_195_141,261_294_296_203_190_397_350_237_305_348_142_145_0_330_338_154_174_364_178_180_337_181_184_0_330_338_154_174_364_178_180_337_181_184_0_330_338_154_174_364_178_180_337_181_184_0_330_338_154_174_364
328_240_244_151_85_292_293_294_296_203_190_397_350_237_305_349_290_365_404_195_141,328_239_329_62_3_5_7_0_330_338_154_174_364_178_180_337_181_184_0_330_338_154_174_364_178_180_337_181_184_0_330_338_154_174_364_178_180_337_181_184_0_330_338_154_174_364_178_180_337_181_184
41_43_45_46_321_26_29_328_240_244_151_85_292_293_294_296_203_190_397_350_237_305_348_143,41_43_45_46_321_26_29_328_240_244_151_85_292_293_294_296_203_190_397_350_237_305_348_143
231_230_408_419_76_271_388_311_31_267_56_35_151_85_292_293_294_296_203_190_397_350_237_305_348_143,231_230_408_419_76_271_388_311_31_267_56_35_151_85_292_293_294_296_203_190_397_350_237_305_348_143
1_338_154_174_364_178_180_337_181_183_185_177_404_194_173_142_144_146_148,1_338_154_173_142_145_0_330_338_154_173_142_145_0_330_338_154_173_142_145_0_330_338_154_173_142_145_0_330_338_154_173_142_145_0_330_338_154_173_142_145_0_330_338_154_173_142_145_0_330_338
23_25_252_244_151_85_292_293_294_296_203_190_397_350_237_305_348_142_144_146_148,23_25_252_244_151_85_292_293_294_296_203_190_397_350_237_305_348_142_145_0_330_338_154_173_142_145_0_330_338_154_173_142_145_0_330_338_154_173_142_145_0_330_338_154_173_142_145_0_330_338_154
29_328_240_244_151_85_292_293_294_296_203_190_397_350_237_305_348_142_144_146_148,29_328_240_244_151_85_292_293_294_296_203_190_397_350_237_305_348_142_145_0_330_338_154_173_142_145_0_330_338_154_173_142_145_0_330_338_154_173_142_145_0_330_338_154_173_142_145_0_330_338_154
135_390_400_405_172_356_362_193_185_177_404_194_173_142_144_146_148,135_390_401_0_330_338_154_173_142_145_0_330_338_154_173_142_145_0_330_338_154_173_142_145_0_330_338_154_173_142_145_0_330_338_154_173_142_145_0_330_338_154_173_142_145_0_330_338_154_173_142
138_405_172_356_362_193_185_177_404_194_173_142_144_146_148,138_405_172_356_362_193_185_177_404_194_173_142_145_0_330_338_154_173_142_145_0_330_338_154_173_142_145_0_330_338_154_173_142_145_0_330_338_154_173_142_145_0_330_338_154_173_142_145_0_330_338
390_400_405_172_356_362_193_185_177_404_194_173_142_144_146_148,390_401_0_330_338_154_173_142_145_0_330_338_154_173_142_145_0_330_338_154_173_142_145_0_330_338_154_173_142_145_0_330_338_154_173_142_145_0_330_338_154_173_142_145_0_330_338_154_173_142_145
41_43_45_46_321_26_29_328_240_244_151_85_292_293_294_296_203_190_397_350_237_305_348_143_167_407_157_158,41_43_45_46_321_26_29_328_240_244_151_85_292_293_294_296_203_190_397_350_237_305_348_143_167_407_157_159_170_352_430_0_330_338_154_173_143_167_407_157_159_170_352_430_0_330_338_154_173_143_167
135_390_400_405_172_356_362_193_185_177_404_194_173_143_167_407_157_158,135_390_401_0_330_338_154_173_143_167_407_157_159_170_352_430_0_330_338_154_173_143_167_407_157_159_170_352_430_0_330_338_154_173_143_167_407_157_159_170_352_430_0_330_338_154_173_143_167_407_157
231_230_408_419_76_271_388_311_31_267_56_35_152_250_242_356_362_193_185_177_404_194_173_143_167_407_157_158,231_230_408_419_76_271_388_311_31_267_56_35_151_85_292_293_294_296_203_190_397_350_237_305_348_143_167_407_157_159_170_352_430_0_330_338_154_173_143_167_407_157_159_170_352_430_0_330_338_154_173
231_230_408_419_76_271_388_311_31_267_56_35_151_85_292_293_294_296_203_190_397_350_237_305_348_143_167_407_157_158,231_230_408_419_76_271_388_311_31_267_56_35_151_85_292_293_294_296_203_190_397_350_237_305_348_143_167_407_157_159_170_352_430_0_330_338_154_173_143_167_407_157_159_170_352_430_0_330_338_154_173
23_25_252_244_151_85_292_293_294_296_203_190_397_350_237_305_348_143_167_407_157_159,23_25_252_244_151_85_292_293_294_296_203_190_397_350_237_305_348_143_167_407_157_159
390_400_405_172_356_362_193_185_177_404_194_173_143_167_407_157_159,390_401_0_330_338_154_173_143_167_407_157_159
390_400_405_172_356_362_193_185_177_404_194_173_143_167_407_157_159,390_401_0_330_338_154_173_143_167_407_157_159
231_230_408_419_76_271_388_311_31_267_56_35_151_85_292_293_294_296_203_190_397_350_237_305_348_143_167_407_157_158_160,231_230_408_419_76_271_388_311_31_267_56_35_151_85_292_293_294_296_203_190_397_350_237_305_348_142_145_0_330_338_154_173_142_145_0_330_338_154_173_142_145_0_330_338_154_173_142_145_0_330_338
293_294_296_203_190_397_350_237_305_348_143_167_407_157_158_160,293_294_296_203_190_397_350_237_305_348_142_145_0_330_338_153_156_0_330_338_153_156_0_330_338_153_156_0_330_338_153_156_0_330_338_153_156_0_330_338_153_156_0_330_338_153_156_0_330_338_153
151_85_292_293_294_296_203_190_397_350_237_305_348_143_167_407_157_158_160_161,151_85_292_293_294_296_203_190_397_350_237_305_348_143_167_407_157_159_169_161
231_230_408_419_76_271_388_311_31_267_56_35_151_85_292_293_294_296_203_190_397_350_237_305_348_143_166_163,231_230_408_419_76_271_388_311_31_267_56_35_151_85_292_293_294_296_203_190_397_350_237_305_348_142_145_0_330_338_154_173_142_145_0_330_338_154_173_142_145_0_330_338_154_173_142_145_0_330_338
135_390_400_405_172_356_362_193_185_177_404_194_173_143_167,135_390_401_0_330_338_154_173_143_167
172_356_362_193_185_177_404_194_174_364_178_180_337_182_187_189_190_397_350_237_305_348_143_166_163_168,172_356_363_403_243_211_135_390_401_0_330_338_154_173_142_145_0_330_338_154_173_142_145_0_330_338_154_173_142_145_0_330_338_154_173_142_145_0_330_338_154_173_142_145_0_330_338_154_173_142_145
390_400_405_172_356_362_193_185_177_404_194_173_143_166_163_168,390_401_0_330_338_154_173_142_145_0_330_338_154_173_142_145_0_330_338_154_173_142_145_0_330_338_154_173_142_145_0_330_338_154_173_142_145_0_330_338_154_173_142_145_0_330_338_154_173_142_145
31_267_56_35_151_85_292_293_294_296_203_190_397_350_237_305_348_143_167_407_157_159_169,31_267_56_35_151_85_292_293_294_296_203_190_397_350_237_305_348_143_167_407_157_159_169
41_43_45_46_321_26_29_328_240_244_151_85_292_293_294_296_203_190_397_350_237_305_348_143_167_407_157_159_169,41_43_45_46_321_26_29_328_240_244_151_85_292_293_294_296_203_190_397_350_237_305_348_143_167_407_157_159_169
43_45_46_321_26_29_328_240_244_151_85_292_293_294_296_203_190_397_350_237_305_348_143_167_407_157_159_169,43_45_46_321_26_29_328_240_244_151_85_292_293_294_296_203_190_397_350_237_305_348_143_167_407_157_159_169
124_11_125_127_61_325_29_328_240_244_151_85_292_293_294_296_203_190_397_350_237_305_348_143_167_407_157_159_169,124_11_125_127_61_325_29_328_240_244_151_85_292_293_294_296_203_190_397_350_237_305_348_143_167_407_157_159_169
180_337_182_187_189_190_397_350_237_305_348_143_167_407_157_159_169,180_337_181_184_0_330_338_154_173_143_167_407_157_159_169
231_230_408_419_76_271_388_311_31_267_56_35_151_85_292_293_294_296_203_190_397_350_237_305_348_143_167_407_157_159_169,231_230_408_419_76_271_388_311_31_267_56_35_151_85_292_293_294_296_203_190_397_350_237_305_348_143_167_407_157_159_169
231_230_408_419_76_271_388_311_31_267_56_35_151_85_292_293_294_296_203_190_397_350_237_305_348_143_167_407_157_159_169,231_230_408_419_76_271_388_311_31_267_56_35_151_85_292_293_294_296_203_190_397_350_237_305_348_143_167_407_157_159_169
294_296_203_190_397_350_237_305_348_143_167_407_157_159_169,294_296_203_190_397_350_237_305_348_143_167_407_157_159_169
1_338_154_174_364_178_179_208_237_305_348_143_167_407_157_159_170,1_338_154_173_143_167_407_157_159_170
1_338_154_174_364_178_179_208_237_305_348_143_167_407_157_159_170,1_338_154_173_143_167_407_157_159_170
1_338_154_174_364_178_179_208_237_305_348_143_167_407_157_159_170,1_338_154_173_143_167_407_157_159_170
23_25_252_244_151_85_292_293_294_296_203_190_397_350_237_305_348_143_167_407_157_159_170,23_25_252_244_151_85_292_293_294_296_203_190_397_350_237_305_348_143_167_407_157_159_170
29_328_240_244_151_85_292_293_294_296_203_190_397_350_237_305_348_143_167_407_157_159_170,29_328_240_244_151_85_292_293_294_296_203_190_397_350_237_305_348_143_167_407_157_159_170
29_328_240_244_151_85_292_293_294_296_203_190_397_350_237_305_348_143_167_407_157_159_170,29_328_240_244_151_85_292_293_294_296_203_190_397_350_237_305_348_143_167_407_157_159_170
31_267_56_35_151_85_292_293_294_296_203_190_397_350_237_305_348_143_167_407_157_159_170,31_267_56_35_151_85_292_293_294_296_203_190_397_350_237_305_348_143_167_407_157_159_170
35_151_85_292_293_294_296_203_190_397_350_237_305_348_143_167_407_157_159_170,35_151_85_292_293_294_296_203_190_397_350_237_305_348_143_167_407_157_159_170
35_151_85_292_293_294_296_203_190_397_350_237_305_348_143_167_407_157_159_170,35_151_85_292_293_294_296_203_190_397_350_237_305_348_143_167_407_157_159_170
41_43_45_46_321_26_29_328_240_244_151_85_292_293_294_296_203_190_397_350_237_305_348_143_167_407_157_159_170,41_43_45_46_321_26_29_328_240_244_151_85_292_293_294_296_203_190_397_350_237_305_348_143_167_407_157_159_170
41_43_45_46_321_26_29_328_240_244_151_85_292_293_294_296_203_190_397_350_237_305_348_143_167_407_157_159_170,41_43_45_46_321_26_29_328_240_244_151_85_292_293_294_296_203_190_397_350_237_305_348_143_167_407_157_159_170
41_43_45_46_321_26_29_328_240_244_151_85_292_293_294_296_203_190_397_350_237_305_348_143_167_407_157_159_170,41_43_45_46_321_26_29_328_240_244_151_85_292_293_294_296_203_190_397_350_237_305_348_143_167_407_157_159_170
41_43_45_46_321_26_29_328_240_244_151_85_292_293_294_296_203_190_397_350_237_305_348_143_167_407_157_159_170,41_43_45_46_321_26_29_328_240_244_151_85_292_293_294_296_203_190_397_350_237_305_348_143_167_407_157_159_170
41_43_45_46_321_26_29_328_240_244_151_85_292_293_294_296_203_190_397_350_237_305_348_143_167_407_157_159_170,41_43_45_46_321_26_29_328_240_244_151_85_292_293_294_296_203_190_397_350_237_305_348_143_167_407_157_159_170
43_45_46_321_26_29_328_240_244_151_85_292_293_294_296_203_190_397_350_237_305_348_143_167_407_157_159_170,43_45_46_321_26_29_328_240_244_151_85_292_293_294_296_203_190_397_350_237_305_348_143_167_407_157_159_170
43_45_46_321_26_29_328_240_244_151_85_292_293_294_296_203_190_397_350_237_305_348_143_167_407_157_159_170,43_45_46_321_26_29_328_240_244_151_85_292_293_294_296_203_190_397_350_237_305_348_143_167_407_157_159_170
43_45_46_321_26_29_328_240_244_151_85_292_293_294_296_203_190_397_350_237_305_348_143_167_407_157_159_170,43_45_46_321_26_29_328_240_244_151_85_292_293_294_296_203_190_397_350_237_305_348_143_167_407_157_159_170
43_45_46_321_26_29_328_240_244_151_85_292_293_294_296_203_190_397_350_237_305_348_143_167_407_157_159_170,43_45_46_321_26_29_328_240_244_151_85_292_293_294_296_203_190_397_350_237_305_348_143_167_407_157_159_170
51_53_56_35_151_85_292_293_294_296_203_190_397_350_237_305_348_143_167_407_157_159_170,51_53_56_35_151_85_292_293_294_296_203_190_397_350_237_305_348_143_167_407_157_159_170
56_35_151_85_292_293_294_296_203_190_397_350_237_305_348_143_167_407_157_159_170,56_35_151_85_292_293_294_296_203_190_397_350_237_305_348_143_167_407_157_159_170
56_35_151_85_292_293_294_296_203_190_397_350_237_305_348_143_167_407_157_159_170,56_35_151_85_292_293_294_296_203_190_397_350_237_305_348_143_167_407_157_159_170
64_46_321_26_29_328_240_244_151_85_292_293_294_296_203_190_397_350_237_305_348_143_167_407_157_159_170,64_46_321_26_29_328_240_244_151_85_292_293_294_296_203_190_397_350_237_305_348_143_167_407_157_159_170
64_46_321_26_29_328_240_244_151_85_292_293_294_296_203_190_397_350_237_305_348_143_167_407_157_159_170,64_46_321_26_29_328_240_244_151_85_292_293_294_296_203_190_397_350_237_305_348_143_167_407_157_159_170
81_292_293_294_296_203_190_397_350_237_305_348_143_167_407_157_159_170,81_292_293_294_296_203_190_397_350_237_305_348_143_167_407_157_159_170
81_292_293_294_296_203_190_397_350_237_305_348_143_167_407_157_159_170,81_292_293_294_296_203_190_397_350_237_305_348_143_167_407_157_159_170
81_292_293_294_296_203_190_397_350_237_305_348_143_167_407_157_159_170,81_292_293_294_296_203_190_397_350_237_305_348_143_167_407_157_159_170
83_85_292_293_294_296_203_190_397_350_237_305_348_143_167_407_157_159_170,83_85_292_293_294_296_203_190_397_350_237_305_348_143_167_407_157_159_170
83_85_292_293_294_296_203_190_397_350_237_305_348_143_167_407_157_159_170,83_85_292_293_294_296_203_190_397_350_237_305_348_143_167_407_157_159_170
83_85_292_293_294_296_203_190_397_350_237_305_348_143_167_407_157_159_170,83_85_292_293_294_296_203_190_397_350_237_305_348_143_167_407_157_159_170
83_85_292_293_294_296_203_190_397_350_237_305_348_143_167_407_157_159_170,83_85_292_293_294_296_203_190_397_350_237_305_348_143_167_407_157_159_170
83_85_292_293_294_296_203_190_397_350_237_305_348_143_167_407_157_159_170,83_85_292_293_294_296_203_190_397_350_237_305_348_143_167_407_157_159_170
83_85_292_293_294_296_203_190_397_350_237_305_348_143_167_407_157_159_170,83_85_292_293_294_296_203_190_397_350_237_305_348_143_167_407_157_159_170
85_292_293_294_296_203_190_397_350_237_305_348_143_167_407_157_159_170,85_292_293_294_296_203_190_397_350_237_305_348_143_167_407_157_159_170
127_61_325_29_328_240_244_151_85_292_293_294_296_203_190_397_350_237_305_348_143_167_407_157_159_170,127_61_325_29_328_240_244_151_85_292_293_294_296_203_190_397_350_237_305_348_143_167_407_157_159_170
135_390_400_405_172_356_362_193_185_177_404_194_173_143_167_407_157_159_170,135_390_401_0_330_338_154_173_143_167_407_157_159_170
135_390_400_405_172_356_362_193_185_177_404_194_173_143_167_407_157_159_170,135_390_401_0_330_338_154_173_143_167_407_157_159_170
135_390_400_405_172_356_362_193_185_177_404_194_173_143_167_407_157_159_170,135_390_401_0_330_338_154_173_143_167_407_157_159_170
135_390_400_405_172_356_362_193_185_177_404_194_173_143_167_407_157_159_170,135_390_401_0_330_338_154_173_143_167_407_157_159_170
138_405_172_356_362_193_185_177_404_194_173_143_167_407_157_159_170,138_405_172_356_362_193_185_177_404_194_173_143_167_407_157_159_170
151_85_292_293_294_296_203_190_397_350_237_305_348_143_167_407_157_159_170,151_85_292_293_294_296_203_190_397_350_237_305_348_143_167_407_157_159_170
151_85_292_293_294_296_203_190_397_350_237_305_348_143_167_407_157_159_170,151_85_292_293_294_296_203_190_397_350_237_305_348_143_167_407_157_159_170
151_85_292_293_294_296_203_190_397_350_237_305_348_143_167_407_157_159_170,151_85_292_293_294_296_203_190_397_350_237_305_348_143_167_407_157_159_170
172_356_362_193_185_177_404_194_173_143_167_407_157_159_170,172_356_362_193_185_177_404_194_173_143_167_407_157_159_170
172_356_362_193_185_177_404_194_173_143_167_407_157_159_170,172_356_362_193_185_177_404_194_173_143_167_407_157_159_170
174_364_178_180_337_182_187_189_190_397_350_237_305_348_143_167_407_157_159_170,174_364_178_180_337_181_184_0_330_338_154_173_143_167_407_157_159_170
175_178_180_337_181_183_185_177_404_194_173_143_167_407_157_159_170,175_178_180_337_181_184_0_330_338_154_173_143_167_407_157_159_170
185_177_404_194_174_364_178_179_208_237_305_348_143_167_407_157_159_170,185_177_404_194_173_143_167_407_157_159_170
192_346_187_189_190_397_350_237_305_348_143_167_407_157_159_170,192_346_187_189_190_397_350_237_305_348_143_167_407_157_159_170
192_346_187_189_190_397_350_237_305_348_143_167_407_157_159_170,192_346_187_189_190_397_350_237_305_348_143_167_407_157_159_170
192_346_187_189_190_397_350_237_305_348_143_167_407_157_159_170,192_346_187_189_190_397_350_237_305_348_143_167_407_157_159_170
192_346_187_189_190_397_350_237_305_348_143_167_407_157_159_170,192_346_187_189_190_397_350_237_305_348_143_167_407_157_159_170
192_346_187_189_190_397_350_237_305_348_143_167_407_157_159_170,192_346_187_189_190_397_350_237_305_348_143_167_407_157_159_170
192_346_187_189_190_397_350_237_305_348_143_167_407_157_159_170,192_346_187_189_190_397_350_237_305_348_143_167_407_157_159_170
192_346_187_189_190_397_350_237_305_348_143_167_407_157_159_170,192_346_187_189_190_397_350_237_305_348_143_167_407_157_159_170
192_346_187_189_190_397_350_237_305_348_143_167_407_157_159_170,192_346_187_189_190_397_350_237_305_348_143_167_407_157_159_170
192_346_187_189_190_397_350_237_305_348_143_167_407_157_159_170,192_346_187_189_190_397_350_237_305_348_143_167_407_157_159_170
198_296_203_190_397_350_237_305_348_143_167_407_157_159_170,198_296_203_190_397_350_237_305_348_143_167_407_157_159_170
198_296_203_190_397_350_237_305_348_143_167_407_157_159_170,198_296_203_190_397_350_237_305_348_143_167_407_157_159_170
198_296_203_190_397_350_237_305_348_143_167_407_157_159_170,198_296_203_190_397_350_237_305_348_143_167_407_157_159_170
198_296_203_190_397_350_237_305_348_143_167_407_157_159_170,198_296_203_190_397_350_237_305_348_143_167_407_157_159_170
198_296_203_190_397_350_237_305_348_143_167_407_157_159_170,198_296_203_190_397_350_237_305_348_143_167_407_157_159_170
213_125_127_61_325_29_328_240_244_151_85_292_293_294_296_203_190_397_350_237_305_348_143_167_407_157_159_170,213_125_127_61_325_29_328_240_244_151_85_292_293_294_296_203_190_397_350_237_305_348_143_167_407_157_159_170
231_230_408_419_76_271_388_311_31_267_56_35_151_85_292_293_294_296_203_190_397_350_237_305_348_143_167_407_157_159_170,231_230_408_419_76_271_388_311_31_267_56_35_151_85_292_293_294_296_203_190_397_350_237_305_348_143_167_407_157_159_170
231_230_408_419_76_271_388_311_31_267_56_35_151_85_292_293_294_296_203_190_397_350_237_305_348_143_167_407_157_159_170,231_230_408_419_76_271_388_311_31_267_56_35_151_85_292_293_294_296_203_190_397_350_237_305_348_143_167_407_157_159_170
231_230_408_419_76_271_388_311_31_267_56_35_151_85_292_293_294_296_203_190_397_350_237_305_348_143_167_407_157_159_170,231_230_408_419_76_271_388_311_31_267_56_35_151_85_292_293_294_296_203_190_397_350_237_305_348_143_167_407_157_159_170
231_230_408_419_76_271_388_311_31_267_56_35_151_85_292_293_294_296_203_190_397_350_237_305_348_143_167_407_157_159_170,231_230_408_419_76_271_388_311_31_267_56_35_151_85_292_293_294_296_203_190_397_350_237_305_348_143_167_407_157_159_170
231_230_408_419_76_271_388_311_31_267_56_35_151_85_292_293_294_296_203_190_397_350_237_305_348_143_167_407_157_159_170,231_230_408_419_76_271_388_311_31_267_56_35_151_85_292_293_294_296_203_190_397_350_237_305_348_143_167_407_157_159_170
231_230_408_419_76_271_388_311_31_267_56_35_151_85_292_293_294_296_203_190_397_350_237_305_348_143_167_407_157_159_170,231_230_408_419_76_271_388_311_31_267_56_35_151_85_292_293_294_296_203_190_397_350_237_305_348_143_167_407_157_159_170
231_230_408_419_76_271_388_311_31_267_56_35_151_85_292_293_294_296_203_190_397_350_237_305_348_143_167_407_157_159_170,231_230_408_419_76_271_388_311_31_267_56_35_151_85_292_293_294_296_203_190_397_350_237_305_348_143_167_407_157_159_170
231_230_408_419_76_271_388_311_31_267_56_35_151_85_292_293_294_296_203_190_397_350_237_305_348_143_167_407_157_159_170,231_230_408_419_76_271_388_311_31_267_56_35_151_85_292_293_294_296_203_190_397_350_237_305_348_143_167_407_157_159_170
231_230_408_419_76_271_388_311_31_267_56_35_151_85_292_293_294_296_203_190_397_350_237_305_348_143_167_407_157_159_170,231_230_408_419_76_271_388_311_31_267_56_35_151_85_292_293_294_296_203_190_397_350_237_305_348_143_167_407_157_159_170
231_230_408_419_76_271_388_311_31_267_56_35_151_85_292_293_294_296_203_190_397_350_237_305_348_143_167_407_157_159_170,231_230_408_419_76_271_388_311_31_267_56_35_151_85_292_293_294_296_203_190_397_350_237_305_348_143_167_407_157_159_170
231_230_408_419_76_271_388_311_31_267_56_35_151_85_292_293_294_296_203_190_397_350_237_305_348_143_167_407_157_159_170,231_230_408_419_76_271_388_311_31_267_56_35_151_85_292_293_294_296_203_190_397_350_237_305_348_143_167_407_157_159_170
231_230_408_419_76_271_388_311_31_267_56_35_151_85_292_293_294_296_203_190_397_350_237_305_348_143_167_407_157_159_170,231_230_408_419_76_271_388_311_31_267_56_35_151_85_292_293_294_296_203_190_397_350_237_305_348_143_167_407_157_159_170
231_230_408_419_76_271_388_311_31_267_56_35_151_85_292_293_294_296_203_190_397_350_237_305_348_143_167_407_157_159_170,231_230_408_419_76_271_388_311_31_267_56_35_151_85_292_293_294_296_203_190_397_350_237_305_348_143_167_407_157_159_170
231_230_408_419_76_271_388_311_31_267_56_35_151_85_292_293_294_296_203_190_397_350_237_305_348_143_167_407_157_159_170,231_230_408_419_76_271_388_311_31_267_56_35_151_85_292_293_294_296_203_190_397_350_237_305_348_143_167_407_157_159_170
231_230_408_419_76_271_388_311_31_267_56_35_151_85_292_293_294_296_203_190_397_350_237_305_348_143_167_407_157_159_170,231_230_408_419_76_271_388_311_31_267_56_35_151_85_292_293_294_296_203_190_397_350_237_305_348_143_167_407_157_159_170
231_230_408_419_76_271_388_311_31_267_56_35_151_85_292_293_294_296_203_190_397_350_237_305_348_143_167_407_157_159_170,231_230_408_419_76_271_388_311_31_267_56_35_151_85_292_293_294_296_203_190_397_350_237_305_348_143_167_407_157_159_170
231_230_408_419_76_271_388_311_31_267_56_35_151_85_292_293_294_296_203_190_397_350_237_305_348_143_167_407_157_159_170,231_230_408_419_76_271_388_311_31_267_56_35_151_85_292_293_294_296_203_190_397_350_237_305_348_143_167_407_157_159_170
233_344_271_388_311_31_267_56_35_151_85_292_293_294_296_203_190_397_350_237_305_348_143_167_407_157_159_170,233_344_271_388_311_31_267_56_35_151_85_292_293_294_296_203_190_397_350_237_305_348_143_167_407_157_159_170
243_212_25_252_244_151_85_292_293_294_296_203_190_397_350_237_305_348_143_167_407_157_159_170,243_211_135_390_401_0_330_338_154_173_143_167_407_157_159_170
244_151_85_292_293_294_296_203_190_397_350_237_305_348_143_167_407_157_159_170,244_151_85_292_293_294_296_203_190_397_350_237_305_348_143_167_407_157_159_170
244_151_85_292_293_294_296_203_190_397_350_237_305_348_143_167_407_157_159_170,244_151_85_292_293_294_296_203_190_397_350_237_305_348_143_167_407_157_159_170
253_261_294_296_203_190_397_350_237_305_348_143_167_407_157_159_170,253_261_294_296_203_190_397_350_237_305_348_143_167_407_157_159_170
253_261_294_296_203_190_397_350_237_305_348_143_167_407_157_159_170,253_261_294_296_203_190_397_350_237_305_348_143_167_407_157_159_170
253_261_294_296_203_190_397_350_237_305_348_143_167_407_157_159_170,253_261_294_296_203_190_397_350_237_305_348_143_167_407_157_159_170
261_294_296_203_190_397_350_237_305_348_143_167_407_157_159_170,261_294_296_203_190_397_350_237_305_348_143_167_407_157_159_170
267_56_35_151_85_292_293_294_296_203_190_397_350_237_305_348_143_167_407_157_159_170,267_56_35_151_85_292_293_294_296_203_190_397_350_237_305_348_143_167_407_157_159_170
293_294_296_203_190_397_350_237_305_348_143_167_407_157_159_170,293_294_296_203_190_397_350_237_305_348_143_167_407_157_159_170
294_296_203_190_397_350_237_305_348_143_167_407_157_159_170,294_296_203_190_397_350_237_305_348_143_167_407_157_159_170
294_296_203_190_397_350_237_305_348_143_167_407_157_159_170,294_296_203_190_397_350_237_305_348_143_167_407_157_159_170
294_296_203_190_397_350_237_305_348_143_167_407_157_159_170,294_296_203_190_397_350_237_305_348_143_167_407_157_159_170
294_296_203_190_397_350_237_305_348_143_167_407_157_159_170,294_296_203_190_397_350_237_305_348_143_167_407_157_159_170
294_296_203_190_397_350_237_305_348_143_167_407_157_159_170,294_296_203_190_397_350_237_305_348_143_167_407_157_159_170
294_296_203_190_397_350_237_305_348_143_167_407_157_159_170,294_296_203_190_397_350_237_305_348_143_167_407_157_159_170
294_296_203_190_397_350_237_305_348_143_167_407_157_159_170,294_296_203_190_397_350_237_305_348_143_167_407_157_159_170
294_296_203_190_397_350_237_305_348_143_167_407_157_159_170,294_296_203_190_397_350_237_305_348_143_167_407_157_159_170
294_296_203_190_397_350_237_305_348_143_167_407_157_159_170,294_296_203_190_397_350_237_305_348_143_167_407_157_159_170
299_293_294_296_203_190_397_350_237_305_348_143_167_407_157_159_170,299_293_294_296_203_190_397_350_237_305_348_143_167_407_157_159_170
307_238_392_393_396_204_206_203_190_397_350_237_305_348_143_167_407_157_159_170,307_238_391_350_237_305_348_143_167_407_157_159_170
377_39_315_52_374_240_244_151_85_292_293_294_296_203_190_397_350_237_305_348_143_167_407_157_159_170,377_39_315_52_374_240_244_151_85_292_293_294_296_203_190_397_350_237_305_348_143_167_407_157_159_170
377_39_315_52_374_240_244_151_85_292_293_294_296_203_190_397_350_237_305_348_143_167_407_157_159_170,377_39_315_52_374_240_244_151_85_292_293_294_296_203_190_397_350_237_305_348_143_167_407_157_159_170
390_400_405_172_356_362_193_185_177_404_194_173_143_167_407_157_159_170,390_401_0_330_338_154_173_143_167_407_157_159_170
390_400_405_172_356_362_193_185_177_404_194_173_143_167_407_157_159_170,390_401_0_330_338_154_173_143_167_407_157_159_170
390_400_405_172_356_362_193_185_177_404_194_173_143_167_407_157_159_170,390_401_0_330_338_154_173_143_167_407_157_159_170
390_400_405_172_356_362_193_185_177_404_194_173_143_167_407_157_159_170,390_401_0_330_338_154_173_143_167_407_157_159_170
390_400_405_172_356_362_193_185_177_404_194_173_143_167_407_157_159_170,390_401_0_330_338_154_173_143_167_407_157_159_170
405_172_356_362_193_185_177_404_194_173_143_167_407_157_159_170,405_172_356_362_193_185_177_404_194_173_143_167_407_157_159_170
0_330_338_154_174_364_178_180_337_181_183_185_177_404_194_173,0_330_338_154_173
231_230_408_419_76_271_388_311_31_267_56_35_152_250_242_356_362_193_185_175,231_230_408_419_76_271_388_311_31_267_56_35_152_250_242_356_362_193_185_175
231_230_408_419_76_271_388_311_31_267_56_35_152_250_242_356_362_193_185,231_230_408_419_76_271_388_311_31_267_56_35_152_250_242_356_362_193_185
231_230_408_419_76_271_388_311_31_267_56_35_152_250_242_356_362_193_185,231_230_408_419_76_271_388_311_31_267_56_35_152_250_242_356_362_193_185
231_230_408_419_76_271_388_311_31_267_56_35_152_250_242_356_362_193_185,231_230_408_419_76_271_388_311_31_267_56_35_152_250_242_356_362_193_185
328_240_244_151_85_292_293_294_296_203_190_397_351_337_182_187_189,328_240_244_152_250_242_356_362_193_185_177_404_194_174_364_178_180_337_182_187_189
231_230_408_419_76_271_388_311_31_267_56_35_151_85_292_293_294_296_203_191,231_230_408_419_76_271_388_311_31_267_56_35_151_85_292_293_294_296_203_191
231_230_408_419_76_271_388_311_31_267_56_35_152_250_242_356_362_192,231_230_408_419_76_271_388_311_31_267_56_35_152_250_242_356_362_193_185_175_178_180_337_182_186_347_403_242_356_362_193_185_175_178_180_337_182_186_347_403_242_356_362_193_185_175_178_180_337_182_186
231_230_408_419_76_271_388_311_31_267_56_35_152_250_242_356_362_192,231_230_408_419_76_271_388_311_31_267_56_35_152_250_242_356_362_193_185_175_178_180_337_182_186_347_403_242_356_362_193_185_175_178_180_337_182_186_347_403_242_356_362_193_185_175_178_180_337_182_186
230_408_419_76_271_388_311_31_267_56_35_152_250_242_356_362_193_185_177_404_195,230_408_419_76_271_388_311_31_267_56_35_152_250_242_356_362_193_185_177_404_195
230_408_419_76_271_388_311_31_267_56_35_152_250_242_356_362_193_185_177_404_195,230_408_419_76_271_388_311_31_267_56_35_152_250_242_356_362_193_185_177_404_195
231_230_408_419_76_271_388_311_31_267_56_35_152_250_242_356_362_193_185_177_404_195,231_230_408_419_76_271_388_311_31_267_56_35_152_250_242_356_362_193_185_177_404_195
231_230_408_419_76_271_388_311_31_267_56_35_152_250_242_356_362_193_185_177_404_195,231_230_408_419_76_271_388_311_31_267_56_35_152_250_242_356_362_193_185_177_404_195
231_230_408_419_76_271_388_311_31_267_56_35_152_250_242_356_362_193_185_177_404_195,231_230_408_419_76_271_388_311_31_267_56_35_152_250_242_356_362_193_185_177_404_195
231_230_408_419_76_271_388_311_31_267_56_35_152_250_242_356_362_193_185_177_404_195,231_230_408_419_76_271_388_311_31_267_56_35_152_250_242_356_362_193_185_177_404_195
231_230_408_419_76_271_388_311_31_267_56_35_152_250_242_356_362_193_185_177_404_195,231_230_408_419_76_271_388_311_31_267_56_35_152_250_242_356_362_193_185_177_404_195
231_230_408_419_76_271_388_311_31_267_56_35_152_250_242_356_362_193_185_177_404_195,231_230_408_419_76_271_388_311_31_267_56_35_152_250_242_356_362_193_185_177_404_195
231_230_408_419_76_271_388_311_31_267_56_35_152_250_242_356_362_193_185_177_404_195,231_230_408_419_76_271_388_311_31_267_56_35_152_250_242_356_362_193_185_177_404_195
231_230_408_419_76_271_388_311_31_267_56_35_152_250_242_356_362_193_185_177_404_195,231_230_408_419_76_271_388_311_31_267_56_35_152_250_242_356_362_193_185_177_404_195
231_230_408_419_76_271_388_311_31_267_56_35_152_250_242_356_362_193_185_177_404_195,231_230_408_419_76_271_388_311_31_267_56_35_152_250_242_356_362_193_185_177_404_195
231_230_408_419_76_271_388_311_31_267_56_35_152_250_242_356_362_193_185_177_404_195,231_230_408_419_76_271_388_311_31_267_56_35_152_250_242_356_362_193_185_177_404_195
231_230_408_419_76_271_388_311_31_267_56_35_152_250_242_356_362_193_185_177_404_195,231_230_408_419_76_271_388_311_31_267_56_35_152_250_242_356_362_193_185_177_404_195
231_230_408_419_76_271_388_311_31_267_56_35_152_250_242_356_362_193_185_177_404_195,231_230_408_419_76_271_388_311_31_267_56_35_152_250_242_356_362_193_185_177_404_195
231_230_408_419_76_271_388_311_31_267_56_35_152_250_242_356_362_193_185_177_404_195,231_230_408_419_76_271_388_311_31_267_56_35_152_250_242_356_362_193_185_177_404_195
231_230_408_419_76_271_388_311_31_267_56_35_152_250_242_356_362_193_185_177_404_195,231_230_408_419_76_271_388_311_31_267_56_35_152_250_242_356_362_193_185_177_404_195
231_230_408_419_76_271_388_311_31_267_56_35_152_250_242_356_362_193_185_177_404_195,231_230_408_419_76_271_388_311_31_267_56_35_152_250_242_356_362_193_185_177_404_195
233_344_271_388_311_31_267_56_35_152_250_242_356_362_193_185_177_404_195,233_344_271_388_311_31_267_56_35_152_250_242_356_362_193_185_177_404_195
377_39_315_51_53_56_35_152_250_242_356_362_193_185_177_404_195,377_39_315_52_374_240_244_152_250_242_356_362_193_185_177_404_195
231_230_408_419_76_271_388_311_31_267_56_35_151_85_292_293_295_199,231_230_408_419_76_271_388_311_31_267_56_35_151_85_292_293_294_296_203_190_397_350_237_305_348_142_145_0_330_338_154_174_364_178_180_337_181_184_0_330_338_154_174_364_178_180_337_181_184_0_330
231_230_408_419_76_271_388_311_31_267_56_35_151_85_292_293_294_296_202,231_230_408_419_76_271_388_311_31_267_56_35_151_85_292_293_294_296_203_190_397_350_237_305_348_142_145_0_330_338_154_174_364_178_180_337_182_186_347_403_243_212_25_252_244_151_85_292_293_294_296
0_330_338_154_174_364_178_179_208_236_238_392_393_396_204_206,0_330_338_154_174_364_178_180_337_182_187_189_190_397_350_237_305_348_142_145_0_330_338_154_174_364_178_180_337_182_187_189_190_397_350_237_305_348_142_145_0_330_338_154_174_364_178_180_337_182_187
1_338_154_174_364_178_180_337_182_187_189_191_396_204_206,1_338_154_174_364_178_180_337_182_187_189_190_397_350_237_305_348_143_167_407_157_159_170_352_430_0_330_338_154_174_364_178_180_337_182_187_189_190_397_350_237_305_348_143_167_407_157_159_170_352_430
83_85_292_293_294_296_203_190_397_350_237_305_348_142_144_146_148_150_307_238_392_393_396_204_206,83_85_292_293_294_296_203_190_397_350_237_305_348_142_145_0_330_338_154_174_364_178_180_337_182_187_189_190_397_350_237_305_348_142_145_0_330_338_154_174_364_178_180_337_182_187_189_190_397_350_237
231_230_408_419_76_271_388_311_31_267_56_35_152_250_243_211,231_230_408_419_76_271_388_311_31_267_56_35_152_250_243_211
124_11_125_127_61_325_28_367_286_312_48_316_317_324_340_32_310_387_339_273_386_262_265_334_95_275_215_217_219_221,124_10_13_16_424_426_118_119_0_330_338_154_174_364_178_180_337_181_184_0_330_338_154_174_364_178_180_337_181_184_0_330_338_154_174_364_178_180_337_181_184_0_330_338_154_174_364_178_180_337_181
124_11_125_127_61_325_28_367_286_312_48_316_317_324_340_32_310_387_339_272_223_103_226,124_11_125_127_61_325_28_367_286_312_48_316_317_324_340_32_310_387_339_272_223_103_226
213_125_127_61_325_28_367_286_312_48_316_317_324_340_32_310_387_339_272_223_103_226_227,213_125_127_61_325_28_367_286_312_48_316_317_324_340_32_310_387_339_272_223_103_226_227
124_11_125_127_61_325_28_367_286_312_48_316_317_324_340_32_310_387_339_272_223_103_226_228,124_11_125_127_61_325_28_367_286_312_48_316_317_324_340_32_310_387_339_273_386_264_228
140_194_174_364_178_180_337_182_186_347_403_243_212_25_252_245_37_54_358_340_32_310_387_339_273_386_264_228,140_194_174_364_178_180_337_182_186_347_403_243_212_25_252_245_37_54_358_340_32_310_387_339_273_386_264_228
0_330_338_154_174_364_178_180_337_182_186_347_403_243_212_25_252_245_37_54_358_341_342_71_345_282_78_231,0_330_338_154_174_364_178_180_337_182_186_347_403_243_212_25_252_245_37_54_358_341_342_71_345_282_78_231
1_338_154_174_364_178_180_337_182_186_347_403_243_212_25_252_245_37_54_358_341_342_71_345_282_78_231,1_338_154_174_364_178_180_337_182_186_347_403_243_212_25_252_245_37_54_358_341_342_71_345_282_78_231
1_338_154_174_364_178_180_337_182_186_347_403_243_212_25_252_245_37_54_358_341_342_71_345_282_78_231,1_338_154_174_364_178_180_337_182_186_347_403_243_212_25_252_245_37_54_358_341_342_71_345_282_78_231
1_338_154_174_364_178_180_337_182_186_347_403_243_212_25_252_245_37_54_358_341_342_71_345_282_78_231,1_338_154_174_364_178_180_337_182_186_347_403_243_212_25_252_245_37_54_358_341_342_71_345_282_78_231
124_11_125_127_61_325_28_367_286_312_48_316_317_324_341_342_71_345_282_78_231,124_11_125_127_61_325_28_367_286_312_48_316_317_324_341_342_71_345_282_78_231
124_11_125_127_61_325_28_367_286_312_48_316_317_324_341_342_71_345_282_78_231,124_11_125_127_61_325_28_367_286_312_48_316_317_324_341_342_71_345_282_78_231
124_11_125_127_61_325_28_367_286_312_48_316_317_324_341_342_71_345_282_78_231,124_11_125_127_61_325_28_367_286_312_48_316_317_324_341_342_71_345_282_78_231
171_243_212_25_252_245_37_54_358_341_342_71_345_282_78_231,171_243_212_25_252_245_37_54_358_341_342_71_345_282_78_231
171_243_212_25_252_245_37_54_358_341_342_71_345_282_78_231,171_243_212_25_252_245_37_54_358_341_342_71_345_282_78_231
171_243_212_25_252_245_37_54_358_341_342_71_345_282_78_231,171_243_212_25_252_245_37_54_358_341_342_71_345_282_78_231
171_243_212_25_252_245_37_54_358_341_342_71_345_282_78_231,171_243_212_25_252_245_37_54_358_341_342_71_345_282_78_231
171_243_212_25_252_245_37_54_358_341_342_71_345_282_78_231,171_243_212_25_252_245_37_54_358_341_342_71_345_282_78_231
171_243_212_25_252_245_37_54_358_341_342_71_345_282_78_231,171_243_212_25_252_245_37_54_358_341_342_71_345_282_78_231
171_243_212_25_252_245_37_54_358_341_342_71_345_282_78_231,171_243_212_25_252_245_37_54_358_341_342_71_345_282_78_231
171_243_212_25_252_245_37_54_358_341_342_71_345_282_78_231,171_243_212_25_252_245_37_54_358_341_342_71_345_282_78_231
171_243_212_25_252_245_37_54_358_341_342_71_345_282_78_231,171_243_212_25_252_245_37_54_358_341_342_71_345_282_78_231
171_243_212_25_252_245_37_54_358_341_342_71_345_282_78_231,171_243_212_25_252_245_37_54_358_341_342_71_345_282_78_231
171_243_212_25_252_245_37_54_358_341_342_71_345_282_78_231,171_243_212_25_252_245_37_54_358_341_342_71_345_282_78_231
174_364_178_180_337_182_186_347_403_243_212_25_252_245_37_54_358_341_342_71_345_282_78_231,174_364_178_180_337_182_186_347_403_243_212_25_252_245_37_54_358_341_342_71_345_282_78_231
180_337_182_186_347_403_243_212_25_252_245_37_54_358_341_342_71_345_282_78_231,180_337_182_186_347_403_243_212_25_252_245_37_54_358_341_342_71_345_282_78_231
214_11_125_127_61_325_28_367_286_312_48_316_317_324_341_342_71_345_282_78_231,214_11_125_127_61_325_28_367_286_312_48_316_317_324_341_342_71_345_282_78_231
214_11_125_127_61_325_28_367_286_312_48_316_317_324_341_342_71_345_282_78_231,214_11_125_127_61_325_28_367_286_312_48_316_317_324_341_342_71_345_282_78_231
243_212_25_252_245_37_54_358_341_342_71_345_282_78_231,243_212_25_252_245_37_54_358_341_342_71_345_282_78_231
349_290_364_178_180_337_182_186_347_403_243_212_25_252_245_37_54_358_341_342_71_345_282_78_231,349_290_364_178_180_337_182_186_347_403_243_212_25_252_245_37_54_358_341_342_71_345_282_78_231
364_178_180_337_182_186_347_403_243_212_25_252_245_37_54_358_341_342_71_345_282_78_231,364_178_180_337_182_186_347_403_243_212_25_252_245_37_54_358_341_342_71_345_282_78_231
403_243_212_25_252_245_37_54_358_341_342_71_345_282_78_231,403_243_212_25_252_245_37_54_358_341_342_71_345_282_78_231
427_391_351_337_182_186_347_403_243_212_25_252_245_37_54_358_341_342_71_345_282_78_231,427_391_350_237_306_291_178_180_337_182_186_347_403_243_212_25_252_245_37_54_358_341_342_71_345_282_78_231
43_45_46_321_26_29_328_240_244_151_85_292_293_294_296_203_190_397_350_237,43_45_46_321_26_29_328_240_244_151_85_292_293_294_296_203_190_397_350_237
43_45_46_321_26_29_328_240_244_151_85_292_293_294_296_203_190_397_350_237,43_45_46_321_26_29_328_240_244_151_85_292_293_294_296_203_190_397_350_237
293_294_296_203_190_397_350_237_305_348_142_144_146_148_150_307_238,293_294_296_203_190_397_350_236_238
231_230_408_419_76_271_388_311_31_267_56_34_36_374_240,231_230_408_419_76_271_388_311_31_266_379_0_330_338_154_174_364_178_180_337_182_186_347_403_243_212_25_252_245_36_374_240
231_230_408_419_76_271_388_311_31_267_56_35_152_250_242,231_230_408_419_76_271_388_311_31_267_56_35_152_250_243_211_135_390_401_0_330_338_154_174_364_178_180_337_182_186_347_403_243_211_135_390_401_0_330_338_154_174_364_178_180_337_182_186_347_403_243
231_230_408_419_76_271_388_311_31_267_56_35_152_250_243,231_230_408_419_76_271_388_311_31_267_56_35_152_250_243
231_230_408_419_76_271_388_311_31_267_56_35_152_250_243,231_230_408_419_76_271_388_311_31_267_56_35_152_250_243
0_330_338_154_174_364_178_180_337_182_186_347_403_243_212_25_252_244,0_330_338_154_174_364_178_180_337_182_186_347_403_243_212_25_252_244
231_230_408_419_76_271_388_311_31_267_56_35_152_250_243_212_25_252_244,231_230_408_419_76_271_388_311_31_267_56_35_152_250_243_212_25_252_244
231_230_408_419_76_271_388_311_31_267_56_35_152_249_252_244,231_230_408_419_76_271_388_311_31_267_56_35_152_250_243_212_25_252_244
140_194_174_364_178_180_337_182_186_347_403_243_212_25_252_245,140_194_174_364_178_180_337_182_186_347_403_243_212_25_252_245
231_230_408_419_76_271_388_311_31_267_56_35_152_250_242_356_362_193_185_177_404_194_174_364_178_180_337_182_186_347_403_243_212_25_252_245,231_230_408_419_76_271_388_311_31_267_56_35_152_250_243_212_25_252_245
231_230_408_419_76_271_388_311_31_267_56_35_152_249_251,231_230_408_419_76_271_388_311_31_267_56_35_152_250_243_212_25_251
231_230_408_419_76_271_388_311_31_267_56_35_152_249_251,231_230_408_419_76_271_388_311_31_267_56_35_152_250_243_212_25_251
231_230_408_419_76_271_388_311_31_267_56_35_152_249_251,231_230_408_419_76_271_388_311_31_267_56_35_152_250_243_212_25_251
0_330_338_154_174_364_178_180_337_182_186_347_403_243_212_25_252,0_330_338_154_174_364_178_180_337_182_186_347_403_243_212_25_252
307_238_391_351_337_182_186_347_403_243_212_25_252_245_37_54_358_340_32_310_387_339_273_386_262,307_238_391_350_237_306_291_178_180_337_182_186_347_403_243_212_25_252_245_37_54_358_340_32_310_388_311_31_266_379_0_330_338_154_174_364_178_180_337_182_186_347_403_243_212_25_252_245_37_54_358
1_338_154_174_364_178_180_337_182_186_347_403_243_212_25_252_245_37_54_358_340_32_310_387_339_272,1_338_154_174_364_178_180_337_182_186_347_403_243_212_25_252_245_37_54_358_340_32_310_387_339_272
124_11_125_127_61_325_28_367_286_312_48_316_317_324_340_32_310_387_339_272,124_11_125_127_61_325_28_367_286_312_48_316_317_324_340_32_310_387_339_272
124_11_125_127_61_325_28_367_286_312_48_316_317_324_340_32_310_387_339_272,124_11_125_127_61_325_28_367_286_312_48_316_317_324_340_32_310_387_339_272
171_243_212_25_252_245_37_54_358_340_32_310_387_339_272,171_243_212_25_252_245_37_54_358_340_32_310_387_339_272
171_243_212_25_252_245_37_54_358_340_32_310_387_339_272,171_243_212_25_252_245_37_54_358_340_32_310_387_339_272
171_243_212_25_252_245_37_54_358_340_32_310_387_339_272,171_243_212_25_252_245_37_54_358_340_32_310_387_339_272
214_11_125_127_61_325_28_367_286_312_48_316_317_324_340_32_310_387_339_272,214_11_125_127_61_325_28_367_286_312_48_316_317_324_340_32_310_387_339_272
23_25_252_244_151_85_292_293_294_296_203_190_397_350_237_305_349_290,23_25_251_129_132_0_330_338_154_174_364_178_179_209_0_330_338_154_174_364_178_179_209_0_330_338_154_174_364_178_179_209_0_330_338_154_174_364_178_179_209_0_330_338_154_174_364_178_179_209_0
124_11_125_127_61_325_29_328_240_244_151_85_292_293_294,124_11_125_127_61_325_29_328_240_244_151_85_292_293_294
231_230_408_419_76_271_388_311_31_267_56_35_151_85_292_293_294,231_230_408_419_76_271_388_311_31_267_56_35_151_85_292_293_294
231_230_408_419_76_271_388_311_31_267_56_35_151_85_292_293_294,231_230_408_419_76_271_388_311_31_267_56_35_151_85_292_293_294
231_230_408_419_76_271_388_311_31_267_56_35_151_85_292_293_294,231_230_408_419_76_271_388_311_31_267_56_35_151_85_292_293_294
231_230_408_419_76_271_388_311_31_267_56_35_151_85_292_293_294,231_230_408_419_76_271_388_311_31_267_56_35_151_85_292_293_294
43_45_46_321_26_29_328_240_244_151_85_292_293_294_297,43_45_46_321_26_29_328_240_244_151_85_292_293_294_296_203_190_397_350_237_305_348_142_145_0_330_338_154_174_364_178_180_337_182_186_347_403_243_212_25_252_244_151_85_292_293_294_296_203_190_397
43_45_46_321_26_29_328_240_244_151_85_292_293_294_297,43_45_46_321_26_29_328_240_244_151_85_292_293_294_296_203_190_397_350_237_305_348_142_145_0_330_338_154_174_364_178_180_337_182_186_347_403_243_212_25_252_244_151_85_292_293_294_296_203_190_397
231_230_408_419_76_271_388_311_31_267_56_35_151_84_299,231_230_408_419_76_271_388_311_31_266_379_0_330_338_154_174_364_178_180_337_182_186_347_403_243_212_25_252_244_152_250_243_212_25_252_244_152_250_243_212_25_252_244_152_250_243_212_25_252_244_152
231_230_408_419_76_271_388_311_31_267_56_35_151_85_292_293_294_296_203_190_397_350_237_304,231_230_408_419_76_271_388_311_31_267_56_35_151_85_292_293_294_296_203_190_397_350_237_304
231_230_408_419_76_271_388_311_31_267_56_35_151_85_292_293_294_296_203_190_397_350_237_304,231_230_408_419_76_271_388_311_31_267_56_35_151_85_292_293_294_296_203_190_397_350_237_304
41_43_45_46_321_26_29_328_240_244_151_85_292_293_294_296_203_190_397_350_237_305,41_43_45_46_321_26_29_328_240_244_151_85_292_293_294_296_203_190_397_350_237_305
41_43_45_46_321_26_29_328_240_244_151_85_292_293_294_296_203_190_397_350_237_305,41_43_45_46_321_26_29_328_240_244_151_85_292_293_294_296_203_190_397_350_237_305
41_43_45_46_321_26_29_328_240_244_151_85_292_293_294_296_203_190_397_350_237_305,41_43_45_46_321_26_29_328_240_244_151_85_292_293_294_296_203_190_397_350_237_305
117_139_109_45_46_321_26_29_328_240_244_151_85_292_293_294_296_203_190_397_350_237_305,117_139_108_110_113_114_372_127_61_325_29_328_240_244_151_85_292_293_294_296_203_190_397_350_237_305
35_151_85_292_293_294_296_203_190_397_350_237_305_348_142_144_146_148_150_307,35_151_85_292_293_294_296_203_190_397_350_237_305_348_143_167_407_157_159_170_352_430_0_330_338_154_174_364_178_179_209_0_330_338_154_174_364_178_179_209_0_330_338_154_174_364_178_179_209_0_330
124_11_125_127_61_325_29_328_240_244_151_85_292_293_294_296_203_190_397_350_237_305_348_143_166_163_168_148_150_307,124_11_125_127_61_325_29_328_240_245_36_374_240_245_36_374_240_245_36_374_240_245_36_374_240_245_36_374_240_245_36_374_240_245_36_374_240_245_36_374_240_245_36_374_240_245_36_374_240_245_36
154_174_364_178_180_337_182_187_189_190_397_350_237_304_307,154_174_364_178_179_209_0_330_338_154_174_364_178_179_209_0_330_338_154_174_364_178_179_209_0_330_338_154_174_364_178_179_209_0_330_338_154_174_364_178_179_209_0_330_338_154_174_364_178_179_209
231_230_408_419_76_271_388_311_31_267_56_35_151_85_292_293_294_296_203_190_397_350_237_304_307,231_230_408_419_76_271_388_311_31_267_56_35_151_85_292_293_294_296_203_190_397_350_237_305_348_143_167_407_157_159_170_352_430_0_330_338_154_174_364_178_179_209_0_330_338_154_174_364_178_179_209
231_230_408_419_76_271_388_311_31_267_56_35_151_85_292_293_294_296_203_190_397_350_237_304_307,231_230_408_419_76_271_388_311_31_267_56_35_151_85_292_293_294_296_203_190_397_350_237_305_348_143_167_407_157_159_170_352_430_0_330_338_154_174_364_178_179_209_0_330_338_154_174_364_178_179_209
231_230_408_419_76_271_388_311_31_267_56_35_151_85_292_293_294_296_203_190_397_350_237_304_307,231_230_408_419_76_271_388_311_31_267_56_35_151_85_292_293_294_296_203_190_397_350_237_305_348_143_167_407_157_159_170_352_430_0_330_338_154_174_364_178_179_209_0_330_338_154_174_364_178_179_209
23_25_252_245_37_54_358_340_32_310_387_339_272_223_103_226_228_333_308,23_25_252_245_37_54_358_340_32_310_387_339_273_386_262_265_333_308
23_25_252_245_37_54_358_341_342_71_344_270_273_386_262_265_333_308,23_25_252_245_37_54_358_340_32_310_387_339_273_386_262_265_333_308
82_35_152_250_243_212_25_252_245_37_54_358_340_32_310_387_339_272_223_103_226_228_333_308,82_35_152_250_243_212_25_252_245_37_54_358_340_32_310_387_339_273_386_262_265_333_308
124_11_125_127_61_325_28_367_286_312_48_316_317_324_340_32_310_387_339_273_386_262_265_333_308,124_11_125_127_61_325_28_367_286_312_48_316_317_324_340_32_310_387_339_273_386_262_265_333_308
124_11_125_127_61_325_28_367_286_312_48_316_317_324_340_32_310_387_339_272_223_103_226_228_333_308,124_11_125_127_61_325_28_367_286_312_48_316_317_324_340_32_310_387_339_273_386_262_265_333_308
124_11_125_127_61_325_28_367_286_312_48_316_317_324_340_32_310_387_339_272_223_103_226_228_333_308,124_11_125_127_61_325_28_367_286_312_48_316_317_324_340_32_310_387_339_273_386_262_265_333_308
124_11_125_127_61_325_28_367_286_312_48_316_317_324_340_32_310_387_339_272_223_103_226_228_333_308,124_11_125_127_61_325_28_367_286_312_48_316_317_324_340_32_310_387_339_273_386_262_265_333_308
124_11_125_127_61_325_28_367_286_312_48_316_317_324_340_32_310_387_339_272_223_103_226_228_333_308,124_11_125_127_61_325_28_367_286_312_48_316_317_324_340_32_310_387_339_273_386_262_265_333_308
124_11_125_127_61_325_28_367_286_312_48_316_317_324_340_32_310_387_339_273_386_262_265_333_308,124_11_125_127_61_325_28_367_286_312_48_316_317_324_340_32_310_387_339_273_386_262_265_333_308
124_11_125_127_61_325_28_367_286_312_48_316_317_324_340_32_310_387_339_273_386_262_265_333_308,124_11_125_127_61_325_28_367_286_312_48_316_317_324_340_32_310_387_339_273_386_262_265_333_308
125_127_61_325_28_367_286_312_48_316_317_324_340_32_310_387_339_272_223_103_226_228_333_308,125_127_61_325_28_367_286_312_48_316_317_324_340_32_310_387_339_273_386_262_265_333_308
154_174_364_178_180_337_182_186_347_403_243_212_25_252_245_37_54_358_341_342_71_344_270_273_386_262_265_333_308,154_174_364_178_180_337_181_184_0_330_338_154_174_364_178_180_337_181_184_0_330_338_154_174_364_178_180_337_181_184_0_330_338_154_174_364_178_180_337_181_184_0_330_338_154_174_364_178_180_337_181
171_243_212_25_252_245_37_54_358_341_342_71_344_270_273_386_262_265_333_308,171_243_212_25_252_245_37_54_358_340_32_310_387_339_273_386_262_265_333_308
171_243_212_25_252_245_37_54_358_340_32_310_387_339_272_223_103_226_228_333_308,171_243_212_25_252_245_37_54_358_340_32_310_387_339_273_386_262_265_333_308
171_243_212_25_252_245_37_54_358_340_32_310_387_339_273_386_262_265_333_308,171_243_212_25_252_245_37_54_358_340_32_310_387_339_273_386_262_265_333_308
171_243_212_25_252_245_37_54_358_340_32_310_387_339_273_386_262_265_333_308,171_243_212_25_252_245_37_54_358_340_32_310_387_339_273_386_262_265_333_308
171_243_212_25_252_245_37_54_358_340_32_310_387_339_273_386_262_265_333_308,171_243_212_25_252_245_37_54_358_340_32_310_387_339_273_386_262_265_333_308
174_364_178_180_337_182_186_347_403_243_212_25_252_245_37_54_358_340_32_310_387_339_273_386_262_265_333_308,174_364_178_180_337_181_184_0_330_338_154_174_364_178_180_337_181_184_0_330_338_154_174_364_178_180_337_181_184_0_330_338_154_174_364_178_180_337_181_184_0_330_338_154_174_364_178_180_337_181_184
175_178_180_337_182_186_347_403_243_212_25_252_245_37_54_358_340_32_310_387_339_273_386_262_265_333_308,175_178_180_337_181_184_0_330_338_154_174_364_178_180_337_181_184_0_330_338_154_174_364_178_180_337_181_184_0_330_338_154_174_364_178_180_337_181_184_0_330_338_154_174_364_178_180_337_181_184_0
182_186_347_403_243_212_25_252_245_37_54_358_340_32_310_387_339_273_386_263_336_265_333_308,182_186_347_403_243_212_25_252_245_37_54_358_340_32_310_387_339_273_386_262_265_333_308
214_11_125_127_61_325_28_367_286_312_48_316_317_324_340_32_310_387_339_273_386_263_336_265_333_308,214_11_125_127_61_325_28_367_286_312_48_316_317_324_340_32_310_387_339_273_386_262_265_333_308
243_212_25_252_245_37_54_358_340_32_310_387_339_272_223_103_226_228_333_308,243_212_25_252_245_37_54_358_340_32_310_387_339_273_386_262_265_333_308
286_312_48_316_317_324_340_32_310_387_339_273_386_262_265_333_308,286_312_48_316_317_324_340_32_310_387_339_273_386_262_265_333_308
74_382_383_274_308_332_408_419_76_271_388_311_31_268_357_323,74_382_383_274_308_332_408_419_76_271_388_311_31_266_379_0_330_338_154_174_364_178_180_337_182_186_347_403_243_212_25_252_245_37_54_357_322_324_340_32_309_311_31_266_379_0_330_338_154_174_364
124_11_125_127_61_325_28_367_286_312_48_316_317_324_340,124_11_125_127_61_325_28_367_286_312_48_316_317_324_340
1_338_154_174_364_178_180_337_182_186_347_403_243_212_25_252_245_37_54_358_341_343,1_338_154_174_364_178_180_337_182_186_347_403_243_212_25_252_245_37_54_358_341_343
1_338_154_174_364_178_180_337_182_186_347_403_243_212_25_252_245_37_54_358_341_343,1_338_154_174_364_178_180_337_182_186_347_403_243_212_25_252_245_37_54_358_341_343
124_11_125_127_61_325_28_367_286_312_48_316_317_324_341_343,124_11_125_127_61_325_28_367_286_312_48_316_317_324_341_343
330_338_154_174_364_178_180_337_182_186_347_403_243_212_25_252_245_37_54_358_341_343,330_338_154_174_364_178_180_337_182_186_347_403_243_212_25_252_245_37_54_358_341_343
231_230_408_419_76_271_388_311_31_267_56_35_151_85_292_293_294_296_203_190_397_351_337_182_186_347,231_230_408_419_76_271_388_311_31_267_56_35_152_250_242_356_362_193_185_177_404_194_174_364_178_180_337_182_186_347
124_11_125_127_61_325_29_328_240_244_151_85_292_293_294_296_203_190_397_350,124_11_125_127_61_325_29_328_240_244_151_85_292_293_294_296_203_190_397_350
124_11_125_127_61_325_29_328_240_244_151_85_292_293_294_296_203_190_397_350,124_11_125_127_61_325_29_328_240_244_151_85_292_293_294_296_203_190_397_350
175_178_180_337_182_187_189_191_396_204_206_203_190_397_350,175_178_180_337_182_187_189_190_397_350
231_230_408_419_76_271_388_311_31_267_56_35_151_85_292_293_294_296_203_190_397_350,231_230_408_419_76_271_388_311_31_267_56_35_151_85_292_293_294_296_203_190_397_350
231_230_408_419_76_271_388_311_31_267_56_35_151_85_292_293_294_296_203_190_397_350,231_230_408_419_76_271_388_311_31_267_56_35_151_85_292_293_294_296_203_190_397_350
377_39_315_52_374_240_244_151_85_292_293_294_296_203_190_397_350,377_39_315_52_374_240_244_151_85_292_293_294_296_203_190_397_350
377_39_315_52_374_240_244_151_85_292_293_294_296_203_190_397_350,377_39_315_52_374_240_244_151_85_292_293_294_296_203_190_397_350
231_230_408_419_76_271_388_311_31_267_56_35_152_250_242_356,231_230_408_419_76_271_388_311_31_267_56_35_152_250_242_356
41_43_45_46_321_26_29_328_240_244_151_85_292_293_294_296_203_190_398_394,41_43_45_46_321_26_29_328_240_245_36_374_240_245_36_374_240_245_36_374_240_245_36_374_240_245_36_374_240_245_36_374_240_245_36_374_240_245_36_374_240_245_36_374_240_245_36_374_240_245_36
233_344_271_388_311_31_267_56_35_151_85_292_293_294_296_203_190_398_394,233_344_271_388_311_31_267_56_35_151_85_292_293_294_296_203_190_397_350_237_305_348_143_167_407_157_159_170_352_430_0_330_338_154_174_364_178_180_337_182_187_189_190_397_350_237_305_348_143_167_407
35_151_85_292_293_294_296_203_190_397_350_237_304_307_238_392_393_395,35_151_85_292_293_294_296_203_191_395
41_43_45_46_321_26_29_328_240_244_151_85_292_293_294_296_203_191_395,41_43_45_46_321_26_29_328_240_244_151_85_292_293_294_296_203_190_397_350_237_305_348_142_145_0_330_338_154_174_364_178_180_337_182_187_189_190_397_350_237_305_348_142_145_0_330_338_154_174_364
41_43_45_46_321_26_29_328_240_244_151_85_292_293_294_296_203_191_395,41_43_45_46_321_26_29_328_240_244_151_85_292_293_294_296_203_190_397_350_237_305_348_142_145_0_330_338_154_174_364_178_180_337_182_187_189_190_397_350_237_305_348_142_145_0_330_338_154_174_364
43_45_46_321_26_29_328_240_244_151_85_292_293_294_296_203_191_395,43_45_46_321_26_29_328_240_244_151_85_292_293_294_296_203_191_395
43_45_46_321_26_29_328_240_244_151_85_292_293_294_296_203_191_395,43_45_46_321_26_29_328_240_244_151_85_292_293_294_296_203_191_395
124_11_125_127_61_325_29_328_240_244_151_85_292_293_294_296_203_191_395,124_11_125_127_61_325_29_328_240_244_151_85_292_293_294_296_203_190_397_350_237_305_348_142_145_0_330_338_154_174_364_178_180_337_182_187_189_190_397_350_237_305_348_142_145_0_330_338_154_174_364
124_11_125_127_61_325_29_328_240_244_151_85_292_293_294_296_203_191_395,124_11_125_127_61_325_29_328_240_244_151_85_292_293_294_296_203_190_397_350_237_305_348_142_145_0_330_338_154_174_364_178_180_337_182_187_189_190_397_350_237_305_348_142_145_0_330_338_154_174_364
233_344_271_388_311_31_267_56_35_151_85_292_293_294_296_203_190_397_350_237_305_349_290_364_178_179_208_236_238_392_393_395,233_344_271_388_311_31_267_56_35_151_85_292_293_294_296_203_191_395
231_230_408_419_76_271_388_311_31_267_56_35_151_85_292_293_294_296_203_190_397_350_237_305_348_142_144_146_148_150_307_238_392_393_396,231_230_408_419_76_271_388_311_31_267_56_35_151_85_292_293_294_296_203_191_396
231_230_408_419_76_271_388_311_31_267_56_35_152_250_242_356_362_193_185_177_404,231_230_408_419_76_271_388_311_31_267_56_35_152_250_242_356_362_193_185_177_404
0_330_338_154_174_364_178_180_337_182_187_189_191_396_205_257_420,0_330_338_154_174_364_178_179_208_237_305_348_142_145_0_330_338_154_174_364_178_179_208_237_305_348_142_145_0_330_338_154_174_364_178_179_208_237_305_348_142_145_0_330_338_154_174_364_178_179_208
330_338_154_174_364_178_180_337_182_187_189_191_396_205_257_420,330_338_154_174_364_178_179_208_237_305_348_142_145_0_330_338_154_174_364_178_179_208_237_305_348_142_145_0_330_338_154_174_364_178_179_208_237_305_348_142_145_0_330_338_154_174_364_178_179_208_237
427_391_350_237_305_348_142_144_146_148_150_307_238_392_393_396_205_257_420,427_392_393_396_205_257_420
